gender,age,country,period,apps,n_unique_users,students,parents_of_children_0_4_years,parents_of_children_5_10_years,women_planning_a_baby,standard,premium_i_phone,other_premium,category
men,18-30,Poland,2018.1,Uber,9207,0.0437710437710438,0.0688606495058108,0.00564787661561855,0,0.921472792440534,0.0524600847181492,0.0260671228413164,Transportation
men,18-30,Ukraine,2018.1,Uber,3530,0.0524079320113315,0.0424929178470255,0.00254957507082153,0,0.927195467422096,0.0628895184135977,0.00991501416430596,Transportation
men,18-30,Other,2018.1,Uber,1461,0.0219028062970568,0.0513347022587269,0.0027378507871321,0,0.931553730321697,0.0424366872005476,0.026009582477755,Transportation
men,31-50,Poland,2018.1,Uber,8989,0.0110134608966515,0.0125709200133497,0.0586272110357103,0,0.926020691956836,0.0695294248525976,0.00444988319056627,Transportation
men,31-50,Ukraine,2018.1,Uber,3446,0,0.0118978525827046,0.0725478816018572,0,0.918456181079512,0.0687753917585607,0.0127684271619269,Transportation
men,31-50,Other,2018.1,Uber,1426,0,0.00561009817671809,0.0624123422159888,0,0.938990182328191,0.0525946704067321,0.00841514726507708,Transportation
men,51-64,Poland,2018.1,Uber,938,0,0,0,0,0.94456289978678,0.0319829424307036,0.0234541577825159,Transportation
men,51-64,Ukraine,2018.1,Uber,359,0,0,0,0,0.947075208913649,0.0194986072423398,0.0334261838440111,Transportation
men,51-64,Other,2018.1,Uber,149,0,0,0,0,0.953020134228188,0.0134228187919463,0.0335570469798658,Transportation
women,18-30,Poland,2018.1,Uber,1361,0.0249816311535636,0.0124908155767818,0.00220426157237325,0.00734753857457752,0.92138133725202,0.0624540778839089,0.0161645848640706,Transportation
women,18-30,Ukraine,2018.1,Uber,522,0.0172413793103448,0.00574712643678161,0.00383141762452107,0.00574712643678161,0.923371647509579,0.0517241379310345,0.024904214559387,Transportation
women,18-30,Other,2018.1,Uber,216,0.00462962962962963,0.00462962962962963,0,0.00462962962962963,0.935185185185185,0.0509259259259259,0.0138888888888888,Transportation
women,31-50,Poland,2018.1,Uber,1329,0,0.00752445447705041,0.0255831452219714,0.00150489089541008,0.927765237020316,0.0654627539503386,0.00677200902934538,Transportation
women,31-50,Ukraine,2018.1,Uber,509,0,0.00589390962671906,0.0294695481335953,0,0.915520628683694,0.0726915520628684,0.0117878192534381,Transportation
women,31-50,Other,2018.1,Uber,211,0,0.004739336492891,0.028436018957346,0,0.938388625592417,0.042654028436019,0.018957345971564,Transportation
women,51-64,Poland,2018.1,Uber,139,0,0,0,0,0.949640287769784,0.0215827338129496,0.0287769784172662,Transportation
women,51-64,Ukraine,2018.1,Uber,53,0,0,0,0,0.943396226415094,0.0188679245283019,0.0377358490566038,Transportation
women,51-64,Other,2018.1,Uber,22,0,0,0,0,0.954545454545455,0,0.0454545454545454,Transportation
men,18-30,Poland,2018.2,Uber,10218,0.044529262086514,0.0692894891368174,0.00577412409473478,0,0.921511058915639,0.0525543159130945,0.0259346251712663,Transportation
men,18-30,Ukraine,2018.2,Uber,3834,0.0529473135106938,0.0440792905581638,0.00312989045383412,0,0.928012519561815,0.0628586332811685,0.00912884715701623,Transportation
men,18-30,Other,2018.2,Uber,1572,0.0229007633587786,0.0515267175572519,0.00254452926208651,0,0.931933842239186,0.0426208651399491,0.0254452926208652,Transportation
men,31-50,Poland,2018.2,Uber,9791,0.0121540189970381,0.0135839035849249,0.0590338065570422,0,0.92676948217751,0.0524971912981309,0.0207333265243591,Transportation
men,31-50,Ukraine,2018.2,Uber,3753,0,0.0122568611777245,0.0724753530508926,0,0.931521449507061,0.0540900612843059,0.014388489208633,Transportation
men,31-50,Other,2018.2,Uber,1548,0,0.00645994832041344,0.062015503875969,0,0.939276485788114,0.0426356589147287,0.0180878552971576,Transportation
men,51-64,Poland,2018.2,Uber,1016,0,0,0,0,0.944881889763779,0.0324803149606299,0.0226377952755905,Transportation
men,51-64,Ukraine,2018.2,Uber,385,0,0,0,0,0.948051948051948,0.0207792207792208,0.0311688311688312,Transportation
men,51-64,Other,2018.2,Uber,149,0,0,0,0,0.953020134228188,0.0134228187919463,0.0335570469798658,Transportation
women,18-30,Poland,2018.2,Uber,1479,0.0256930358350237,0.0128465179175118,0.00202839756592292,0.00743745774171738,0.922244759972955,0.0628803245436106,0.0148749154834347,Transportation
women,18-30,Ukraine,2018.2,Uber,544,0.0183823529411765,0.00551470588235294,0.00367647058823529,0.00551470588235294,0.924632352941176,0.0533088235294118,0.0220588235294117,Transportation
women,18-30,Other,2018.2,Uber,235,0.00851063829787234,0.00425531914893617,0,0.00425531914893617,0.931914893617021,0.051063829787234,0.0170212765957447,Transportation
women,31-50,Poland,2018.2,Uber,1438,0,0.0090403337969402,0.0257301808066759,0.00139082058414465,0.928372739916551,0.0660639777468707,0.00556328233657855,Transportation
women,31-50,Ukraine,2018.2,Uber,536,0,0.00559701492537313,0.0279850746268657,0,0.916044776119403,0.0727611940298508,0.0111940298507464,Transportation
women,31-50,Other,2018.2,Uber,227,0,0.00440528634361234,0.026431718061674,0,0.938325991189427,0.0440528634361234,0.0176211453744494,Transportation
women,51-64,Poland,2018.2,Uber,136,0,0,0,0,0.948529411764706,0.0220588235294118,0.0294117647058824,Transportation
women,51-64,Ukraine,2018.2,Uber,52,0,0,0,0,0.942307692307692,0.0192307692307692,0.0384615384615384,Transportation
men,18-30,Poland,2019.1,Uber,11293,0.0448950677410785,0.0695120871336226,0.00602142920393164,0,0.922164172496237,0.0526875055344018,0.0251483219693616,Transportation
men,18-30,Ukraine,2019.1,Uber,4126,0.0538051381483277,0.043141056713524,0.00339311682016481,0,0.928017450315075,0.0630150266602036,0.00896752302472126,Transportation
men,18-30,Other,2019.1,Uber,1672,0.0245215311004785,0.0526315789473684,0.00239234449760766,0,0.932416267942584,0.0424641148325359,0.0251196172248804,Transportation
men,31-50,Poland,2019.1,Uber,10574,0.0131454511064876,0.0133345942878759,0.0592018157745413,0,0.927558161528277,0.0524872328352563,0.0199546056364669,Transportation
men,31-50,Ukraine,2019.1,Uber,4048,0,0.012598814229249,0.0728754940711462,0,0.931571146245059,0.0543478260869565,0.0140810276679841,Transportation
men,31-50,Other,2019.1,Uber,1647,0,0.00728597449908925,0.0631451123254402,0,0.939283545840923,0.042501517911354,0.0182149362477232,Transportation
men,51-64,Poland,2019.1,Uber,1075,0,0,0,0,0.945116279069767,0.0325581395348837,0.0223255813953488,Transportation
men,51-64,Ukraine,2019.1,Uber,412,0,0,0,0,0.946601941747573,0.0218446601941748,0.0315533980582524,Transportation
men,51-64,Other,2019.1,Uber,156,0,0,0,0,0.948717948717949,0.0128205128205128,0.0384615384615385,Transportation
women,18-30,Poland,2019.1,Uber,1582,0.027180783817952,0.0126422250316056,0.00316055625790139,0.00758533501896334,0.922250316055626,0.0625790139064475,0.0151706700379267,Transportation
women,18-30,Ukraine,2019.1,Uber,561,0.017825311942959,0.0071301247771836,0.0053475935828877,0.0053475935828877,0.925133689839572,0.053475935828877,0.0213903743315508,Transportation
women,18-30,Other,2019.1,Uber,234,0.00854700854700855,0.00427350427350427,0,0.00427350427350427,0.935897435897436,0.0512820512820513,0.0128205128205128,Transportation
women,31-50,Poland,2019.1,Uber,1548,0,0.00839793281653747,0.0264857881136951,0.00193798449612403,0.928940568475452,0.0658914728682171,0.0051679586563308,Transportation
women,31-50,Ukraine,2019.1,Uber,558,0,0.00716845878136201,0.028673835125448,0,0.913978494623656,0.0734767025089606,0.0125448028673836,Transportation
women,31-50,Other,2019.1,Uber,243,0,0.00411522633744856,0.0288065843621399,0.00411522633744856,0.938271604938272,0.0411522633744856,0.0205761316872428,Transportation
women,51-64,Poland,2019.1,Uber,140,0,0,0,0,0.95,0.0214285714285714,0.0285714285714286,Transportation
women,51-64,Ukraine,2019.1,Uber,29,0,0,0,0,0.96551724137931,0,0.0344827586206896,Transportation
men,18-30,Poland,2019.2,Uber,12205,0.0459647685374846,0.0696435886931585,0.00606308889799263,0,0.922490782466202,0.0527652601392872,0.0247439573945104,Transportation
men,18-30,Ukraine,2019.2,Uber,4343,0.055491595671195,0.0439788164862998,0.00414460050656228,0,0.928620769053649,0.0630900299332259,0.00828920101312458,Transportation
men,18-30,Other,2019.2,Uber,1744,0.025802752293578,0.0544724770642202,0.00286697247706422,0,0.932339449541285,0.0424311926605505,0.025229357798165,Transportation
men,31-50,Poland,2019.2,Uber,11183,0.0135026379325762,0.0140391665921488,0.0592864168827685,0,0.9282840025038,0.0526692300813735,0.0190467674148261,Transportation
men,31-50,Ukraine,2019.2,Uber,4287,0,0.013296011196641,0.073011429904362,0,0.932120363890833,0.0545836249125262,0.013296011196641,Transportation
men,31-50,Other,2019.2,Uber,1746,0,0.00859106529209622,0.063573883161512,0,0.939862542955326,0.0429553264604811,0.0171821305841925,Transportation
men,51-64,Poland,2019.2,Uber,1126,0,0,0,0,0.945825932504441,0.0328596802841918,0.0213143872113677,Transportation
men,51-64,Ukraine,2019.2,Uber,423,0,0,0,0,0.947990543735225,0.0212765957446809,0.0307328605200945,Transportation
men,51-64,Other,2019.2,Uber,149,0,0,0,0,0.953020134228188,0.0134228187919463,0.0335570469798658,Transportation
women,18-30,Poland,2019.2,Uber,1659,0.0277275467148885,0.0138637733574442,0.00421940928270042,0.00783604581072936,0.922845087402049,0.0626883664858348,0.0144665461121157,Transportation
women,18-30,Ukraine,2019.2,Uber,585,0.0188034188034188,0.00854700854700855,0.00512820512820513,0.00683760683760684,0.924786324786325,0.052991452991453,0.0222222222222221,Transportation
women,18-30,Other,2019.2,Uber,244,0.00819672131147541,0.00409836065573771,0.00409836065573771,0.00409836065573771,0.934426229508197,0.0532786885245902,0.0122950819672131,Transportation
women,31-50,Poland,2019.2,Uber,1640,0,0.00792682926829268,0.0268292682926829,0.00182926829268293,0.929268292682927,0.0658536585365854,0.00487804878048781,Transportation
women,31-50,Ukraine,2019.2,Uber,582,0,0.00687285223367698,0.0309278350515464,0,0.914089347079038,0.0721649484536082,0.013745704467354,Transportation
women,31-50,Other,2019.2,Uber,241,0,0.00829875518672199,0.029045643153527,0.004149377593361,0.941908713692946,0.04149377593361,0.016597510373444,Transportation
women,51-64,Poland,2019.2,Uber,130,0,0,0,0,0.946153846153846,0.0230769230769231,0.0307692307692308,Transportation
women,51-64,Ukraine,2019.2,Uber,18,0,0,0,0,0.944444444444444,0,0.0555555555555556,Transportation
men,18-30,Poland,2020.1,Uber,13097,0.0469573184698786,0.071314041383523,0.00679544933954341,0,0.922806749637322,0.0529128808123998,0.0242803695502787,Transportation
men,18-30,Ukraine,2020.1,Uber,4520,0.0561946902654867,0.0440265486725664,0.00486725663716814,0,0.928982300884956,0.0630530973451327,0.00796460176991154,Transportation
men,18-30,Other,2020.1,Uber,1814,0.0270121278941566,0.0545755237045204,0.00275633958103638,0,0.933296582138919,0.0424476295479603,0.0242557883131201,Transportation
men,31-50,Poland,2020.1,Uber,11694,0.0148794253463315,0.0156490507952796,0.0596887292628699,0,0.928595861125363,0.0527621002223362,0.0186420386523003,Transportation
men,31-50,Ukraine,2020.1,Uber,4478,0,0.0145154086645824,0.0734702992407325,0,0.932782492184011,0.0544886109870478,0.0127288968289414,Transportation
men,31-50,Other,2020.1,Uber,1809,0,0.00939745715865119,0.0641238253178552,0,0.939745715865119,0.0431177446102819,0.0171365395245992,Transportation
men,51-64,Poland,2020.1,Uber,1159,0,0,0,0,0.945642795513374,0.0327868852459016,0.0215703192407247,Transportation
men,51-64,Ukraine,2020.1,Uber,431,0,0,0,0,0.948955916473318,0.0208816705336427,0.0301624129930395,Transportation
men,51-64,Other,2020.1,Uber,132,0,0,0,0,0.954545454545455,0.00757575757575758,0.0378787878787879,Transportation
women,18-30,Poland,2020.1,Uber,1725,0.0289855072463768,0.0150724637681159,0.00463768115942029,0.00811594202898551,0.922898550724638,0.0626086956521739,0.0144927536231885,Transportation
women,18-30,Ukraine,2020.1,Uber,601,0.0199667221297837,0.00831946755407654,0.00499168053244592,0.00665557404326123,0.925124792013311,0.0532445923460899,0.0216306156405991,Transportation
women,18-30,Other,2020.1,Uber,253,0.00790513833992095,0.00790513833992095,0.00395256916996047,0.00395256916996047,0.936758893280632,0.0513833992094862,0.0118577075098814,Transportation
women,31-50,Poland,2020.1,Uber,1699,0,0.00824014125956445,0.0276633313713949,0.00235432607416127,0.929958799293702,0.0659211300765156,0.00412007062978226,Transportation
women,31-50,Ukraine,2020.1,Uber,594,0,0.00841750841750842,0.0303030303030303,0.00168350168350168,0.914141414141414,0.0723905723905724,0.0134680134680134,Transportation
women,31-50,Other,2020.1,Uber,243,0,0.00823045267489712,0.0288065843621399,0.00411522633744856,0.94238683127572,0.0411522633744856,0.0164609053497942,Transportation
women,51-64,Poland,2020.1,Uber,122,0,0,0,0,0.950819672131147,0.0245901639344262,0.0245901639344263,Transportation
men,18-30,Poland,2020.2,Uber,13299,0.0480487254680803,0.0724114595082337,0.00721858786374915,0,0.923076923076923,0.0529363110008271,0.0239867659222497,Transportation
men,18-30,Ukraine,2020.2,Uber,4720,0.0578389830508475,0.0449152542372881,0.00550847457627119,0,0.929025423728813,0.063135593220339,0.0078389830508474,Transportation
men,18-30,Other,2020.2,Uber,1906,0.027806925498426,0.0561385099685205,0.00367261280167891,0,0.93389296956978,0.0430220356768101,0.0230849947534103,Transportation
men,31-50,Poland,2020.2,Uber,12165,0.0165228113440197,0.0157007809288944,0.0602548294286889,0,0.928812166050144,0.0528565556925606,0.0183312782572955,Transportation
men,31-50,Ukraine,2020.2,Uber,4653,0,0.0152589727057812,0.0741457124435848,0,0.933161401246508,0.054588437567161,0.0122501611863315,Transportation
men,31-50,Other,2020.2,Uber,1905,0,0.0110236220472441,0.0640419947506562,0,0.940157480314961,0.0430446194225722,0.0167979002624672,Transportation
men,51-64,Poland,2020.2,Uber,1219,0,0,0,0,0.945857260049221,0.0336341263330599,0.0205086136177195,Transportation
men,51-64,Ukraine,2020.2,Uber,473,0,0,0,0,0.949260042283298,0.0211416490486258,0.0295983086680761,Transportation
men,51-64,Other,2020.2,Uber,169,0,0,0,0,0.952662721893491,0.0118343195266272,0.0355029585798817,Transportation
women,18-30,Poland,2020.2,Uber,1811,0.0298177802319161,0.014908890115958,0.00552181115405853,0.0082827167310878,0.923246824958586,0.0629486471562673,0.0138045278851463,Transportation
women,18-30,Ukraine,2020.2,Uber,654,0.0214067278287462,0.0091743119266055,0.00458715596330275,0.00611620795107034,0.925076452599388,0.0535168195718654,0.0214067278287461,Transportation
women,18-30,Other,2020.2,Uber,273,0.010989010989011,0.00732600732600733,0.00366300366300366,0.00732600732600733,0.934065934065934,0.0549450549450549,0.010989010989011,Transportation
women,31-50,Poland,2020.2,Uber,1767,0,0.00905489530277306,0.0277306168647425,0.00226372382569327,0.930390492359932,0.066213921901528,0.00339558573853993,Transportation
women,31-50,Ukraine,2020.2,Uber,617,0,0.00810372771474878,0.0307941653160454,0.00162074554294976,0.912479740680713,0.0729335494327391,0.0145867098865478,Transportation
women,31-50,Other,2020.2,Uber,266,0,0.0075187969924812,0.0300751879699248,0.0037593984962406,0.93984962406015,0.0413533834586466,0.018796992481203,Transportation
women,51-64,Poland,2020.2,Uber,157,0,0,0,0,0.949044585987261,0.0191082802547771,0.0318471337579618,Transportation
men,18-30,Poland,2018.1,Bolt Driver,6661,0.0567482360006005,0.0812190361807537,0.0124605915027774,0,0.911424711004354,0.0629034679477556,0.0256718210478907,Transportation
men,18-30,Ukraine,2018.1,Bolt Driver,3007,0.0625207848353841,0.068506817426006,0.00565347522447622,0,0.917858330562022,0.0724975058197539,0.00964416361822418,Transportation
men,18-30,Other,2018.1,Bolt Driver,976,0.0204918032786885,0.0420081967213115,0.00819672131147541,0,0.927254098360656,0.0522540983606557,0.0204918032786885,Transportation
men,31-50,Poland,2018.1,Bolt Driver,5173,0.0052194084670404,0.0104388169340808,0.0324763193504736,0,0.91745602165088,0.070558670017398,0.0119853083317224,Transportation
men,31-50,Ukraine,2018.1,Bolt Driver,2335,0,0.0102783725910064,0.0359743040685225,0,0.918629550321199,0.0612419700214133,0.0201284796573875,Transportation
men,31-50,Other,2018.1,Bolt Driver,758,0,0.00263852242744063,0.0211081794195251,0,0.919525065963061,0.0659630606860158,0.0145118733509234,Transportation
men,51-64,Poland,2018.1,Bolt Driver,850,0,0,0,0,0.925882352941177,0.04,0.0341176470588235,Transportation
men,51-64,Ukraine,2018.1,Bolt Driver,384,0,0,0,0,0.934895833333333,0.0104166666666667,0.0546875,Transportation
men,51-64,Other,2018.1,Bolt Driver,125,0,0,0,0,0.944,0.008,0.048,Transportation
women,18-30,Poland,2018.1,Bolt Driver,1164,0.0189003436426117,0.0154639175257732,0.00429553264604811,0.00515463917525773,0.921821305841924,0.0721649484536082,0.00601374570446744,Transportation
women,18-30,Ukraine,2018.1,Bolt Driver,526,0.0133079847908745,0.0133079847908745,0.00570342205323194,0.00570342205323194,0.923954372623574,0.0418250950570342,0.0342205323193916,Transportation
women,18-30,Other,2018.1,Bolt Driver,171,0.00584795321637427,0,0,0,0.929824561403509,0.0526315789473684,0.0175438596491229,Transportation
women,31-50,Poland,2018.1,Bolt Driver,904,0,0.00221238938053097,0.0309734513274336,0.00110619469026549,0.924778761061947,0.0619469026548673,0.0132743362831859,Transportation
women,31-50,Ukraine,2018.1,Bolt Driver,408,0,0.00980392156862745,0.0147058823529412,0,0.931372549019608,0.0514705882352941,0.017156862745098,Transportation
women,31-50,Other,2018.1,Bolt Driver,133,0,0.0075187969924812,0.0150375939849624,0,0.93984962406015,0.0225563909774436,0.0375939849624061,Transportation
women,51-64,Poland,2018.1,Bolt Driver,149,0,0,0,0,0.939597315436242,0.0335570469798658,0.0268456375838927,Transportation
women,51-64,Ukraine,2018.1,Bolt Driver,67,0,0,0,0,0.955223880597015,0,0.0447761194029851,Transportation
women,51-64,Other,2018.1,Bolt Driver,22,0,0,0,0,0.954545454545455,0,0.0454545454545454,Transportation
men,18-30,Poland,2018.2,Bolt Driver,9339,0.0569654138558732,0.0814862404968412,0.0128493414712496,0,0.91198201092194,0.0630688510547168,0.024949138023343,Transportation
men,18-30,Ukraine,2018.2,Bolt Driver,3283,0.0633566859579653,0.070057873895827,0.00578738958269875,0,0.917758148035334,0.0727992689613159,0.00944258300335066,Transportation
men,18-30,Other,2018.2,Bolt Driver,1059,0.0217186024551464,0.0434372049102927,0.00944287063267233,0,0.92823418319169,0.0528800755429651,0.0188857412653447,Transportation
men,31-50,Poland,2018.2,Bolt Driver,5634,0.00550230741924033,0.0110046148384807,0.0326588569400071,0,0.917642882499113,0.0525381611643592,0.0298189563365282,Transportation
men,31-50,Ukraine,2018.2,Bolt Driver,2545,0,0.0113948919449902,0.0357563850687623,0,0.919056974459725,0.0542239685658153,0.0267190569744598,Transportation
men,31-50,Other,2018.2,Bolt Driver,815,0,0.00245398773006135,0.0220858895705522,0,0.919018404907975,0.0429447852760736,0.0380368098159509,Transportation
men,51-64,Poland,2018.2,Bolt Driver,912,0,0,0,0,0.926535087719298,0.0405701754385965,0.0328947368421052,Transportation
men,51-64,Ukraine,2018.2,Bolt Driver,400,0,0,0,0,0.935,0.01,0.0549999999999999,Transportation
men,51-64,Other,2018.2,Bolt Driver,124,0,0,0,0,0.943548387096774,0.00806451612903226,0.0483870967741935,Transportation
women,18-30,Poland,2018.2,Bolt Driver,1265,0.0189723320158103,0.016600790513834,0.00474308300395257,0.00553359683794466,0.921739130434783,0.0727272727272727,0.00553359683794463,Transportation
women,18-30,Ukraine,2018.2,Bolt Driver,567,0.0141093474426808,0.0141093474426808,0.00529100529100529,0.00529100529100529,0.925925925925926,0.0423280423280423,0.0317460317460317,Transportation
women,18-30,Other,2018.2,Bolt Driver,172,0.00581395348837209,0,0,0.00581395348837209,0.930232558139535,0.0523255813953488,0.0174418604651163,Transportation
women,31-50,Poland,2018.2,Bolt Driver,984,0,0.00304878048780488,0.0304878048780488,0.00101626016260163,0.92479674796748,0.0630081300813008,0.0121951219512195,Transportation
women,31-50,Ukraine,2018.2,Bolt Driver,427,0,0.0117096018735363,0.0163934426229508,0,0.93208430913349,0.0515222482435597,0.0163934426229508,Transportation
women,31-50,Other,2018.2,Bolt Driver,133,0,0.0075187969924812,0.0150375939849624,0,0.93984962406015,0.0225563909774436,0.0375939849624061,Transportation
women,51-64,Poland,2018.2,Bolt Driver,161,0,0,0,0,0.944099378881988,0.031055900621118,0.0248447204968945,Transportation
women,51-64,Ukraine,2018.2,Bolt Driver,56,0,0,0,0,0.946428571428571,0,0.0535714285714286,Transportation
women,51-64,Other,2018.2,Bolt Driver,19,0,0,0,0,0.947368421052632,0,0.0526315789473685,Transportation
men,18-30,Poland,2019.1,Bolt Driver,10849,0.0570559498571297,0.0817586874366301,0.0129965895474237,0,0.912618674532215,0.0632316342520048,0.0241496912157804,Transportation
men,18-30,Ukraine,2019.1,Bolt Driver,3724,0.0647153598281418,0.0703544575725027,0.00644468313641246,0,0.918098818474758,0.0727712137486574,0.00912996777658437,Transportation
men,18-30,Other,2019.1,Bolt Driver,1187,0.0219039595619208,0.0429654591406908,0.0092670598146588,0,0.928390901432182,0.0522325189553496,0.0193765796124684,Transportation
men,31-50,Poland,2019.1,Bolt Driver,6404,0.00562148657089319,0.0126483447845097,0.0335727670206121,0,0.918019987507808,0.0524672079950031,0.0295128044971892,Transportation
men,31-50,Ukraine,2019.1,Bolt Driver,2884,0,0.0117891816920943,0.0364077669902913,0,0.919209431345354,0.0540915395284327,0.0266990291262136,Transportation
men,31-50,Other,2019.1,Bolt Driver,908,0,0.00330396475770925,0.0220264317180617,0,0.919603524229075,0.0429515418502203,0.0374449339207048,Transportation
men,51-64,Poland,2019.1,Bolt Driver,1027,0,0,0,0,0.9269717624148,0.0408958130477118,0.0321324245374879,Transportation
men,51-64,Ukraine,2019.1,Bolt Driver,452,0,0,0,0,0.935840707964602,0.0110619469026549,0.0530973451327435,Transportation
men,51-64,Other,2019.1,Bolt Driver,121,0,0,0,0,0.942148760330578,0.00826446280991736,0.0495867768595042,Transportation
women,18-30,Poland,2019.1,Bolt Driver,1426,0.0196353436185133,0.0161290322580645,0.00561009817671809,0.00561009817671809,0.922159887798036,0.0729312762973352,0.00490883590462832,Transportation
women,18-30,Ukraine,2019.1,Bolt Driver,636,0.0141509433962264,0.0141509433962264,0.00628930817610063,0.00471698113207547,0.926100628930818,0.0424528301886792,0.0314465408805031,Transportation
women,18-30,Other,2019.1,Bolt Driver,195,0.0102564102564103,0.00512820512820513,0,0.00512820512820513,0.928205128205128,0.0512820512820513,0.0205128205128204,Transportation
women,31-50,Poland,2019.1,Bolt Driver,1121,0,0.00356824264049955,0.0312221231043711,0.00178412132024978,0.925066904549509,0.0624442462087422,0.0124888492417484,Transportation
women,31-50,Ukraine,2019.1,Bolt Driver,475,0,0.0126315789473684,0.0168421052631579,0,0.932631578947368,0.0526315789473684,0.0147368421052632,Transportation
women,31-50,Other,2019.1,Bolt Driver,145,0,0.00689655172413793,0.0137931034482759,0,0.937931034482759,0.0206896551724138,0.0413793103448276,Transportation
women,51-64,Poland,2019.1,Bolt Driver,162,0,0,0,0,0.944444444444444,0.0308641975308642,0.0246913580246914,Transportation
women,51-64,Ukraine,2019.1,Bolt Driver,51,0,0,0,0,0.96078431372549,0,0.0392156862745098,Transportation
women,51-64,Other,2019.1,Bolt Driver,20,0,0,0,0,0.95,0,0.05,Transportation
men,18-30,Poland,2019.2,Bolt Driver,12123,0.0576589952981935,0.0824053452115813,0.013445516786274,0,0.91297533613792,0.0632681679452281,0.0237564959168523,Transportation
men,18-30,Ukraine,2019.2,Bolt Driver,4096,0.066162109375,0.07177734375,0.00732421875,0,0.918212890625,0.072998046875,0.0087890625,Transportation
men,18-30,Other,2019.2,Bolt Driver,1281,0.0234192037470726,0.0437158469945355,0.0101483216237315,0,0.92896174863388,0.0530835284933646,0.0179547228727557,Transportation
men,31-50,Poland,2019.2,Bolt Driver,7036,0.00625355315520182,0.0140704945992041,0.0339681637293917,0,0.918277430358158,0.0524445707788516,0.0292779988629903,Transportation
men,31-50,Ukraine,2019.2,Bolt Driver,3150,0,0.0123809523809524,0.0365079365079365,0,0.919365079365079,0.0542857142857143,0.0263492063492063,Transportation
men,31-50,Other,2019.2,Bolt Driver,997,0,0.00501504513540622,0.0230692076228686,0,0.919759277833501,0.0421263791374122,0.0381143430290872,Transportation
men,51-64,Poland,2019.2,Bolt Driver,1120,0,0,0,0,0.926785714285714,0.0401785714285714,0.0330357142857143,Transportation
men,51-64,Ukraine,2019.2,Bolt Driver,480,0,0,0,0,0.9375,0.0104166666666667,0.0520833333333334,Transportation
men,51-64,Other,2019.2,Bolt Driver,123,0,0,0,0,0.943089430894309,0.00813008130081301,0.048780487804878,Transportation
women,18-30,Poland,2019.2,Bolt Driver,1548,0.0200258397932816,0.0174418604651163,0.00581395348837209,0.00581395348837209,0.922480620155039,0.0729974160206718,0.00452196382428949,Transportation
women,18-30,Ukraine,2019.2,Bolt Driver,691,0.0144717800289436,0.0159189580318379,0.00723589001447178,0.00578871201157742,0.926193921852388,0.0419681620839363,0.0318379160636759,Transportation
women,18-30,Other,2019.2,Bolt Driver,211,0.00947867298578199,0.004739336492891,0.004739336492891,0.004739336492891,0.928909952606635,0.0521327014218009,0.018957345971564,Transportation
women,31-50,Poland,2019.2,Bolt Driver,1218,0,0.00492610837438424,0.0311986863711002,0.00164203612479475,0.926108374384236,0.0632183908045977,0.0106732348111659,Transportation
women,31-50,Ukraine,2019.2,Bolt Driver,500,0,0.012,0.018,0,0.932,0.052,0.0159999999999999,Transportation
women,31-50,Other,2019.2,Bolt Driver,157,0,0.00636942675159236,0.0127388535031847,0,0.936305732484076,0.0254777070063694,0.0382165605095541,Transportation
women,51-64,Poland,2019.2,Bolt Driver,172,0,0,0,0,0.941860465116279,0.0290697674418605,0.0290697674418604,Transportation
women,51-64,Ukraine,2019.2,Bolt Driver,49,0,0,0,0,0.959183673469388,0,0.0408163265306123,Transportation
women,51-64,Other,2019.2,Bolt Driver,18,0,0,0,0,,,1,Transportation
men,18-30,Poland,2020.1,Bolt Driver,12673,0.0578395013019806,0.0824587706146927,0.0142034246034877,0,0.913359109918725,0.063363055314448,0.0232778347668271,Transportation
men,18-30,Ukraine,2020.1,Bolt Driver,4364,0.0673693858845096,0.0717231897341888,0.0077910174152154,0,0.918423464711274,0.0730980751604033,0.00847846012832265,Transportation
men,18-30,Other,2020.1,Bolt Driver,1383,0.0238611713665944,0.0448300795372379,0.0101229211858279,0,0.929139551699205,0.0527838033261027,0.0180766449746928,Transportation
men,31-50,Poland,2020.1,Bolt Driver,7498,0.00640170712189917,0.0146705788210189,0.0344091757802081,0,0.918511603094158,0.0525473459589224,0.0289410509469191,Transportation
men,31-50,Ukraine,2020.1,Bolt Driver,3352,0,0.0128281622911695,0.0366945107398568,0,0.919749403341289,0.0542959427207637,0.0259546539379475,Transportation
men,31-50,Other,2020.1,Bolt Driver,1071,0,0.00560224089635854,0.0233426704014939,0,0.920634920634921,0.0429505135387488,0.0364145658263306,Transportation
men,51-64,Poland,2020.1,Bolt Driver,1204,0,0,0,0,0.926910299003322,0.0406976744186046,0.0323920265780732,Transportation
men,51-64,Ukraine,2020.1,Bolt Driver,531,0,0,0,0,0.937853107344633,0.0112994350282486,0.0508474576271186,Transportation
men,51-64,Other,2020.1,Bolt Driver,133,0,0,0,0,0.947368421052632,0.0075187969924812,0.0451127819548873,Transportation
women,18-30,Poland,2020.1,Bolt Driver,1650,0.02,0.0175757575757576,0.00727272727272727,0.00606060606060606,0.923636363636364,0.0727272727272727,0.00363636363636366,Transportation
women,18-30,Ukraine,2020.1,Bolt Driver,759,0.0144927536231884,0.0171277997364954,0.00790513833992095,0.00658761528326746,0.926218708827404,0.0421607378129117,0.0316205533596838,Transportation
women,18-30,Other,2020.1,Bolt Driver,242,0.00826446280991736,0.00413223140495868,0.00413223140495868,0.00413223140495868,0.929752066115702,0.0537190082644628,0.0165289256198347,Transportation
women,31-50,Poland,2020.1,Bolt Driver,1312,0,0.00609756097560976,0.0320121951219512,0.00228658536585366,0.926067073170732,0.0632621951219512,0.0106707317073171,Transportation
women,31-50,Ukraine,2020.1,Bolt Driver,544,0,0.0147058823529412,0.0183823529411765,0.00183823529411765,0.931985294117647,0.0533088235294118,0.0147058823529411,Transportation
women,31-50,Other,2020.1,Bolt Driver,189,0,0.0105820105820106,0.0158730158730159,0,0.941798941798942,0.0211640211640212,0.0370370370370371,Transportation
women,51-64,Poland,2020.1,Bolt Driver,184,0,0,0,0,0.945652173913043,0.0326086956521739,0.0217391304347826,Transportation
women,51-64,Ukraine,2020.1,Bolt Driver,57,0,0,0,0,0.947368421052632,0,0.0526315789473685,Transportation
women,51-64,Other,2020.1,Bolt Driver,28,0,0,0,0,,,1,Transportation
men,18-30,Poland,2020.2,Bolt Driver,12990,0.0579676674364896,0.0825250192455735,0.0147036181678214,0,0.914087759815243,0.063356428021555,0.0225558121632025,Transportation
men,18-30,Ukraine,2020.2,Bolt Driver,4589,0.0682065809544563,0.0730006537371976,0.00828067117018959,0,0.918718675092613,0.0732185661364132,0.00806275877097407,Transportation
men,18-30,Other,2020.2,Bolt Driver,1470,0.0238095238095238,0.0462585034013605,0.0102040816326531,0,0.929931972789116,0.0530612244897959,0.0170068027210885,Transportation
men,31-50,Poland,2020.2,Bolt Driver,7839,0.00790917208827657,0.0151805077178212,0.0346983033550198,0,0.919122337032785,0.0525577241995152,0.0283199387677,Transportation
men,31-50,Ukraine,2020.2,Bolt Driver,3513,0,0.0142328494164532,0.0372900654711073,0,0.920011386279533,0.0540848277825221,0.0259037859379447,Transportation
men,31-50,Other,2020.2,Bolt Driver,1125,0,0.00622222222222222,0.0231111111111111,0,0.920888888888889,0.0426666666666667,0.0364444444444445,Transportation
men,51-64,Poland,2020.2,Bolt Driver,1272,0,0,0,0,0.927672955974843,0.0408805031446541,0.0314465408805031,Transportation
men,51-64,Ukraine,2020.2,Bolt Driver,566,0,0,0,0,0.938162544169611,0.0106007067137809,0.0512367491166078,Transportation
men,51-64,Other,2020.2,Bolt Driver,151,0,0,0,0,0.947019867549669,0.00662251655629139,0.0463576158940398,Transportation
women,18-30,Poland,2020.2,Bolt Driver,1730,0.0208092485549133,0.0179190751445087,0.00751445086705202,0.00635838150289017,0.923699421965318,0.0728323699421965,0.00346820809248549,Transportation
women,18-30,Ukraine,2020.2,Bolt Driver,811,0.0147965474722565,0.0172626387176326,0.00863131935881628,0.0061652281134402,0.927250308261406,0.0431565967940814,0.029593094944513,Transportation
women,18-30,Other,2020.2,Bolt Driver,259,0.0115830115830116,0.00772200772200772,0.00386100386100386,0.00386100386100386,0.930501930501931,0.0540540540540541,0.0154440154440154,Transportation
women,31-50,Poland,2020.2,Bolt Driver,1390,0,0.0079136690647482,0.0323741007194245,0.00215827338129496,0.926618705035971,0.0633093525179856,0.0100719424460432,Transportation
women,31-50,Ukraine,2020.2,Bolt Driver,578,0,0.0155709342560554,0.0190311418685121,0.00173010380622837,0.932525951557093,0.0519031141868512,0.0155709342560554,Transportation
women,31-50,Other,2020.2,Bolt Driver,224,0,0.0133928571428571,0.0133928571428571,0,0.9375,0.0223214285714286,0.0401785714285714,Transportation
women,51-64,Poland,2020.2,Bolt Driver,211,0,0,0,0,0.943127962085308,0.033175355450237,0.023696682464455,Transportation
women,51-64,Ukraine,2020.2,Bolt Driver,82,0,0,0,0,0.951219512195122,0,0.0487804878048781,Transportation
women,51-64,Other,2020.2,Bolt Driver,55,0,0,0,0,0.963636363636364,0,0.0363636363636364,Transportation
men,18-30,Poland,2018.1,FREE NOW,2543,0.0106173810460087,0.0424695241840346,0.0224144710971294,0,0.868659064097523,0.0723554856468738,0.0589854502556036,Transportation
men,18-30,Ukraine,2018.1,FREE NOW,684,0.0131578947368421,0.0350877192982456,0.010233918128655,0,0.869883040935673,0.0818713450292398,0.0482456140350878,Transportation
men,18-30,Other,2018.1,FREE NOW,23,0,0.0434782608695652,0,0,0.869565217391304,0.0434782608695652,0.0869565217391305,Transportation
men,31-50,Poland,2018.1,FREE NOW,3288,0.00517031630170316,0.000608272506082725,0.0425790754257908,0,0.860401459854015,0.0824209245742092,0.0571776155717761,Transportation
men,31-50,Ukraine,2018.1,FREE NOW,884,0,0.00565610859728507,0.0520361990950226,0,0.869909502262443,0.0712669683257919,0.0588235294117647,Transportation
men,31-50,Other,2018.1,FREE NOW,29,0,0,0.0344827586206897,0,0.862068965517241,0.0689655172413793,0.0689655172413793,Transportation
men,51-64,Poland,2018.1,FREE NOW,415,0,0,0,0,0.88433734939759,0.0530120481927711,0.0626506024096386,Transportation
men,51-64,Ukraine,2018.1,FREE NOW,112,0,0,0,0,0.892857142857143,0.0178571428571429,0.0892857142857142,Transportation
men,51-64,Other,2018.1,FREE NOW,4,0,0,0,0,1,0,0,Transportation
women,18-30,Poland,2018.1,FREE NOW,287,0.00348432055749129,0.00348432055749129,0.00696864111498258,0,0.9198606271777,0.0731707317073171,0.00696864111498263,Transportation
women,18-30,Ukraine,2018.1,FREE NOW,77,0,0,0.012987012987013,0,0.922077922077922,0.051948051948052,0.025974025974026,Transportation
women,18-30,Other,2018.1,FREE NOW,3,0,0,0,0,1,0,0,Transportation
women,31-50,Poland,2018.1,FREE NOW,371,0,0.00269541778975741,0.0377358490566038,0,0.92722371967655,0.0727762803234501,0,Transportation
women,31-50,Ukraine,2018.1,FREE NOW,100,0,0,0.03,0,0.94,0.06,0,Transportation
women,31-50,Other,2018.1,FREE NOW,3,0,0,0,0,1,0,0,Transportation
women,51-64,Poland,2018.1,FREE NOW,47,0,0,0,0,0.936170212765957,0.0425531914893617,0.0212765957446809,Transportation
women,51-64,Ukraine,2018.1,FREE NOW,13,0,0,0,0,0.923076923076923,0,0.0769230769230769,Transportation
men,18-30,Poland,2018.2,FREE NOW,3747,0.0106752068321324,0.0437683480117427,0.0226848145182813,0,0.868694955964772,0.0725914064585001,0.058713637576728,Transportation
men,18-30,Ukraine,2018.2,FREE NOW,951,0.0147213459516299,0.0368033648790747,0.010515247108307,0,0.869610935856993,0.0830704521556257,0.0473186119873816,Transportation
men,18-30,Other,2018.2,FREE NOW,38,0,0.0263157894736842,0.0263157894736842,0,0.868421052631579,0.0526315789473684,0.0789473684210527,Transportation
men,31-50,Poland,2018.2,FREE NOW,4572,0.00546806649168854,0.00196850393700787,0.0428696412948382,0,0.861111111111111,0.05249343832021,0.0863954505686788,Transportation
men,31-50,Ukraine,2018.2,FREE NOW,1238,0,0.00646203554119548,0.0525040387722132,0,0.869951534733441,0.0541195476575121,0.0759289176090469,Transportation
men,31-50,Other,2018.2,FREE NOW,44,0,0,0.0454545454545455,0,0.886363636363636,0.0454545454545455,0.0681818181818182,Transportation
men,51-64,Poland,2018.2,FREE NOW,578,0,0,0,0,0.885813148788927,0.0519031141868512,0.0622837370242214,Transportation
men,51-64,Ukraine,2018.2,FREE NOW,157,0,0,0,0,0.89171974522293,0.0191082802547771,0.089171974522293,Transportation
men,51-64,Other,2018.2,FREE NOW,9,0,0,0,0,0.888888888888889,0,0.111111111111111,Transportation
women,18-30,Poland,2018.2,FREE NOW,405,0.00246913580246914,0.00493827160493827,0.00740740740740741,0,0.920987654320988,0.0716049382716049,0.00740740740740742,Transportation
women,18-30,Ukraine,2018.2,FREE NOW,112,0,0,0.00892857142857143,0,0.928571428571429,0.0535714285714286,0.0178571428571428,Transportation
women,18-30,Other,2018.2,FREE NOW,12,0,0,0,0,0.916666666666667,0.0833333333333333,0,Transportation
women,31-50,Poland,2018.2,FREE NOW,522,0,0.00383141762452107,0.0383141762452107,0,0.9272030651341,0.0727969348659004,0,Transportation
women,31-50,Ukraine,2018.2,FREE NOW,141,0,0,0.0283687943262411,0,0.936170212765957,0.0638297872340426,0,Transportation
women,31-50,Other,2018.2,FREE NOW,5,0,0,0,0,1,0,0,Transportation
women,51-64,Poland,2018.2,FREE NOW,65,0,0,0,0,0.938461538461539,0.0461538461538462,0.0153846153846153,Transportation
women,51-64,Ukraine,2018.2,FREE NOW,19,0,0,0,0,0.947368421052632,0.0526315789473684,0,Transportation
women,51-64,Other,2018.2,FREE NOW,2,0,0,0,0,1,0,0,Transportation
men,18-30,Poland,2019.1,FREE NOW,4440,0.011036036036036,0.0443693693693694,0.022972972972973,0,0.869369369369369,0.0727477477477478,0.0578828828828829,Transportation
men,18-30,Ukraine,2019.1,FREE NOW,1158,0.0164075993091537,0.0379965457685665,0.0112262521588947,0,0.870466321243523,0.0829015544041451,0.0466321243523317,Transportation
men,18-30,Other,2019.1,FREE NOW,47,0.0212765957446809,0.0212765957446809,0.0212765957446809,0,0.872340425531915,0.0638297872340426,0.0638297872340425,Transportation
men,31-50,Poland,2019.1,FREE NOW,5539,0.00595775410723957,0.00270807004874526,0.0436901967864235,0,0.860985737497743,0.0525365589456581,0.0864777035565987,Transportation
men,31-50,Ukraine,2019.1,FREE NOW,1503,0,0.00731869594145043,0.0525615435795077,0,0.869594145043247,0.0538922155688623,0.0765136393878909,Transportation
men,31-50,Other,2019.1,FREE NOW,53,0,0,0.0377358490566038,0,0.867924528301887,0.0377358490566038,0.0943396226415094,Transportation
men,51-64,Poland,2019.1,FREE NOW,706,0,0,0,0,0.885269121813031,0.0524079320113315,0.0623229461756374,Transportation
men,51-64,Ukraine,2019.1,FREE NOW,194,0,0,0,0,0.891752577319588,0.0206185567010309,0.0876288659793814,Transportation
men,51-64,Other,2019.1,FREE NOW,11,0,0,0,0,0.909090909090909,0,0.0909090909090909,Transportation
women,18-30,Poland,2019.1,FREE NOW,495,0.00404040404040404,0.00606060606060606,0.00606060606060606,0.00202020202020202,0.921212121212121,0.0727272727272727,0.00606060606060599,Transportation
women,18-30,Ukraine,2019.1,FREE NOW,139,0,0.00719424460431655,0.00719424460431655,0,0.928057553956835,0.0503597122302158,0.0215827338129496,Transportation
women,18-30,Other,2019.1,FREE NOW,21,0,0,0,0,0.952380952380952,0.0476190476190476,0,Transportation
women,31-50,Poland,2019.1,FREE NOW,640,0,0.0046875,0.0390625,0,0.9265625,0.071875,0.00156250000000002,Transportation
women,31-50,Ukraine,2019.1,FREE NOW,171,0,0,0.0292397660818713,0,0.935672514619883,0.064327485380117,0,Transportation
women,31-50,Other,2019.1,FREE NOW,11,0,0,0,0,0.909090909090909,0,0.0909090909090909,Transportation
women,51-64,Poland,2019.1,FREE NOW,83,0,0,0,0,0.939759036144578,0.036144578313253,0.0240963855421686,Transportation
women,51-64,Ukraine,2019.1,FREE NOW,32,0,0,0,0,0.9375,0.03125,0.03125,Transportation
women,51-64,Other,2019.1,FREE NOW,12,0,0,0,0,0.916666666666667,0,0.0833333333333334,Transportation
men,18-30,Poland,2019.2,FREE NOW,5148,0.0112665112665113,0.0456487956487957,0.0236985236985237,0,0.87004662004662,0.0726495726495727,0.0573038073038074,Transportation
men,18-30,Ukraine,2019.2,FREE NOW,1381,0.0166545981173063,0.0391020999275887,0.0108616944243302,0,0.871107892831282,0.0825488776249095,0.0463432295438089,Transportation
men,18-30,Other,2019.2,FREE NOW,66,0.0151515151515152,0.0303030303030303,0.0151515151515152,0,0.863636363636364,0.0606060606060606,0.0757575757575757,Transportation
men,31-50,Poland,2019.2,FREE NOW,6572,0.0076080340839927,0.00380401704199635,0.0444309190505174,0,0.861685940353013,0.0524954351795496,0.0858186244674376,Transportation
men,31-50,Ukraine,2019.2,FREE NOW,1794,0,0.00780379041248607,0.0529542920847269,0,0.870680044593088,0.0540691192865106,0.0752508361204013,Transportation
men,31-50,Other,2019.2,FREE NOW,65,0,0,0.0461538461538462,0,0.876923076923077,0.0461538461538462,0.0769230769230769,Transportation
men,51-64,Poland,2019.2,FREE NOW,845,0,0,0,0,0.886390532544379,0.0532544378698225,0.0603550295857987,Transportation
men,51-64,Ukraine,2019.2,FREE NOW,239,0,0,0,0,0.891213389121339,0.0209205020920502,0.0878661087866108,Transportation
men,51-64,Other,2019.2,FREE NOW,24,0,0,0,0,0.875,0,0.125,Transportation
women,18-30,Poland,2019.2,FREE NOW,593,0.00337268128161889,0.00505902192242833,0.00843170320404722,0.00168634064080944,0.922428330522766,0.0725126475548061,0.00505902192242824,Transportation
women,18-30,Ukraine,2019.2,FREE NOW,167,0.00598802395209581,0.00598802395209581,0.00598802395209581,0,0.92814371257485,0.0538922155688623,0.0179640718562875,Transportation
women,18-30,Other,2019.2,FREE NOW,29,0,0,0,0,0.931034482758621,0.0689655172413793,0,Transportation
women,31-50,Poland,2019.2,FREE NOW,771,0,0.00648508430609598,0.0389105058365759,0.0012970168612192,0.926070038910506,0.072632944228275,0.00129701686121919,Transportation
women,31-50,Ukraine,2019.2,FREE NOW,213,0,0.00469483568075117,0.028169014084507,0,0.934272300469484,0.0610328638497653,0.00469483568075113,Transportation
women,31-50,Other,2019.2,FREE NOW,15,0,0,0,0,0.933333333333333,0,0.0666666666666667,Transportation
women,51-64,Poland,2019.2,FREE NOW,102,0,0,0,0,0.941176470588235,0.0392156862745098,0.0196078431372549,Transportation
women,51-64,Ukraine,2019.2,FREE NOW,48,0,0,0,0,0.958333333333333,0.0416666666666667,0,Transportation
women,51-64,Other,2019.2,FREE NOW,21,0,0,0,0,0.952380952380952,0,0.0476190476190477,Transportation
men,18-30,Poland,2020.1,FREE NOW,5648,0.0118626062322946,0.0462110481586402,0.0242563739376771,0,0.870396600566572,0.0729461756373938,0.056657223796034,Transportation
men,18-30,Ukraine,2020.1,FREE NOW,1557,0.0166987797045601,0.0404624277456647,0.0115606936416185,0,0.871547848426461,0.0828516377649326,0.0456005138086063,Transportation
men,18-30,Other,2020.1,FREE NOW,79,0.0126582278481013,0.0253164556962025,0.0253164556962025,0,0.873417721518987,0.0632911392405063,0.0632911392405063,Transportation
men,31-50,Poland,2020.1,FREE NOW,7352,0.00761697497279652,0.00530467899891186,0.0451577801958651,0,0.861806311207835,0.0525027203482046,0.0856909684439609,Transportation
men,31-50,Ukraine,2020.1,FREE NOW,2008,0,0.00796812749003984,0.0537848605577689,0,0.870517928286853,0.0542828685258964,0.075199203187251,Transportation
men,31-50,Other,2020.1,FREE NOW,75,0,0,0.04,0,0.88,0.04,0.08,Transportation
men,51-64,Poland,2020.1,FREE NOW,955,0,0,0,0,0.886910994764398,0.0534031413612566,0.0596858638743455,Transportation
men,51-64,Ukraine,2020.1,FREE NOW,275,0,0,0,0,0.890909090909091,0.0218181818181818,0.0872727272727273,Transportation
men,51-64,Other,2020.1,FREE NOW,34,0,0,0,0,0.882352941176471,0.0294117647058824,0.0882352941176471,Transportation
women,18-30,Poland,2020.1,FREE NOW,673,0.00594353640416048,0.00742942050520059,0.00742942050520059,0.00148588410104012,0.922734026745914,0.0728083209509658,0.00445765230312034,Transportation
women,18-30,Ukraine,2020.1,FREE NOW,200,0.005,0.005,0.01,0,0.925,0.055,0.0199999999999999,Transportation
women,18-30,Other,2020.1,FREE NOW,39,0,0,0,0,0.923076923076923,0.0512820512820513,0.0256410256410256,Transportation
women,31-50,Poland,2020.1,FREE NOW,867,0,0.0069204152249135,0.0392156862745098,0.00115340253748558,0.926182237600923,0.0726643598615917,0.00115340253748553,Transportation
women,31-50,Ukraine,2020.1,FREE NOW,242,0,0.00413223140495868,0.0289256198347107,0,0.93801652892562,0.0619834710743802,0,Transportation
women,31-50,Other,2020.1,FREE NOW,23,0,0,0.0434782608695652,0,0.956521739130435,0.0434782608695652,0,Transportation
women,51-64,Poland,2020.1,FREE NOW,116,0,0,0,0,0.939655172413793,0.0431034482758621,0.0172413793103448,Transportation
women,51-64,Ukraine,2020.1,FREE NOW,63,0,0,0,0,0.952380952380952,0.0317460317460317,0.0158730158730159,Transportation
women,51-64,Other,2020.1,FREE NOW,29,0,0,0,0,0.96551724137931,0.0344827586206897,0,Transportation
men,18-30,Poland,2020.2,FREE NOW,5893,0.0120481927710843,0.0471746139487528,0.0242660783980994,0,0.870694043780757,0.0729679280502291,0.056338028169014,Transportation
men,18-30,Ukraine,2020.2,FREE NOW,1664,0.0174278846153846,0.0408653846153846,0.0120192307692308,0,0.871995192307692,0.0829326923076923,0.0450721153846154,Transportation
men,18-30,Other,2020.2,FREE NOW,87,0.0114942528735632,0.0229885057471264,0.0229885057471264,0,0.873563218390805,0.0574712643678161,0.0689655172413792,Transportation
men,31-50,Poland,2020.2,FREE NOW,7849,0.00777169066123073,0.00573321442221939,0.0457383106128169,0,0.862530258631673,0.052490763154542,0.0849789782137852,Transportation
men,31-50,Ukraine,2020.2,FREE NOW,2146,0,0.00885368126747437,0.0540540540540541,0,0.870456663560112,0.0540540540540541,0.0754892823858341,Transportation
men,31-50,Other,2020.2,FREE NOW,87,0,0,0.0459770114942529,0,0.873563218390805,0.0459770114942529,0.0804597701149426,Transportation
men,51-64,Poland,2020.2,FREE NOW,1031,0,0,0,0,0.887487875848691,0.0533462657613967,0.0591658583899127,Transportation
men,51-64,Ukraine,2020.2,FREE NOW,306,0,0,0,0,0.888888888888889,0.0196078431372549,0.0915032679738562,Transportation
men,51-64,Other,2020.2,FREE NOW,44,0,0,0,0,0.886363636363636,0.0227272727272727,0.0909090909090909,Transportation
women,18-30,Poland,2020.2,FREE NOW,722,0.00554016620498615,0.00831024930747923,0.00831024930747923,0.00277008310249308,0.92382271468144,0.0734072022160665,0.00277008310249316,Transportation
women,18-30,Ukraine,2020.2,FREE NOW,225,0.00444444444444444,0.00888888888888889,0.00888888888888889,0,0.924444444444444,0.0533333333333333,0.0222222222222223,Transportation
women,18-30,Other,2020.2,FREE NOW,50,0,0,0,0,0.94,0.06,0,Transportation
women,31-50,Poland,2020.2,FREE NOW,930,0,0.00752688172043011,0.0397849462365591,0.0010752688172043,0.925806451612903,0.0731182795698925,0.00107526881720432,Transportation
women,31-50,Ukraine,2020.2,FREE NOW,267,0,0.00749063670411985,0.0262172284644195,0,0.936329588014981,0.0636704119850187,0,Transportation
women,31-50,Other,2020.2,FREE NOW,30,0,0,0.0333333333333333,0,0.933333333333333,0.0333333333333333,0.0333333333333333,Transportation
women,51-64,Poland,2020.2,FREE NOW,137,0,0,0,0,0.941605839416058,0.0437956204379562,0.0145985401459854,Transportation
women,51-64,Ukraine,2020.2,FREE NOW,70,0,0,0,0,0.957142857142857,0.0285714285714286,0.0142857142857142,Transportation
women,51-64,Other,2020.2,FREE NOW,35,0,0,0,0,0.942857142857143,0.0285714285714286,0.0285714285714286,Transportation
men,18-30,Poland,2018.1,iTaxi,2835,0.0500881834215168,0.00352733686067019,0.0158730158730159,0,0.841269841269841,0.0811287477954145,0.0776014109347443,Transportation
men,18-30,Ukraine,2018.1,iTaxi,675,0.0311111111111111,0.0251851851851852,0,0,0.841481481481482,0.082962962962963,0.0755555555555556,Transportation
men,18-30,Other,2018.1,iTaxi,32,0.03125,0,0,0,0.84375,0.0625,0.09375,Transportation
men,31-50,Poland,2018.1,iTaxi,5363,0.0732798806638076,0.000372925601342532,0.00335633041208279,0,0.840760768226739,0.0244266268879359,0.134812604885325,Transportation
men,31-50,Ukraine,2018.1,iTaxi,1277,0,0.000783085356303837,0.0281910728269381,0,0.841033672670321,0.0814408770555991,0.0775254502740799,Transportation
men,31-50,Other,2018.1,iTaxi,60,0,0,0.0166666666666667,0,0.85,0.0833333333333333,0.0666666666666667,Transportation
men,51-64,Poland,2018.1,iTaxi,1173,0,0,0,0,0.849104859335038,0.0656436487638534,0.0852514919011083,Transportation
men,51-64,Ukraine,2018.1,iTaxi,279,0,0,0,0,0.853046594982079,0.03584229390681,0.111111111111111,Transportation
men,51-64,Other,2018.1,iTaxi,13,0,0,0,0,0.846153846153846,0.0769230769230769,0.0769230769230769,Transportation
women,18-30,Poland,2018.1,iTaxi,311,0.00964630225080386,0.00321543408360129,0.00321543408360129,0,0.922829581993569,0.0643086816720257,0.0128617363344051,Transportation
women,18-30,Ukraine,2018.1,iTaxi,74,0,0,0,0,0.918918918918919,0.0405405405405405,0.0405405405405405,Transportation
women,18-30,Other,2018.1,iTaxi,3,0,0,0,0,1,0,0,Transportation
women,31-50,Poland,2018.1,iTaxi,588,0,0.00170068027210884,0.0238095238095238,0,0.916666666666667,0.0833333333333333,0,Transportation
women,31-50,Ukraine,2018.1,iTaxi,140,0,0,0.00714285714285714,0,0.928571428571429,0.0428571428571429,0.0285714285714286,Transportation
women,31-50,Other,2018.1,iTaxi,7,0,0,0,0,1,0,0,Transportation
women,51-64,Poland,2018.1,iTaxi,129,0,0,0,0,0.945736434108527,0.0232558139534884,0.0310077519379844,Transportation
women,51-64,Ukraine,2018.1,iTaxi,31,0,0,0,0,0.935483870967742,0.032258064516129,0.0322580645161291,Transportation
women,51-64,Other,2018.1,iTaxi,1,0,0,0,0,1,0,0,Transportation
men,18-30,Poland,2018.2,iTaxi,3414,0.0506736965436438,0.00410076157000586,0.0166959578207381,0,0.841534856473345,0.0814294083186878,0.0770357352079673,Transportation
men,18-30,Ukraine,2018.2,iTaxi,836,0.0334928229665072,0.0251196172248804,0.00119617224880383,0,0.842105263157895,0.0837320574162679,0.0741626794258373,Transportation
men,18-30,Other,2018.2,iTaxi,43,0.0232558139534884,0,0,0,0.837209302325582,0.0697674418604651,0.0930232558139534,Transportation
men,31-50,Poland,2018.2,iTaxi,6604,0.0737431859479104,0.000908540278619019,0.00393700787401575,0,0.840854027861902,0.0525439127801332,0.106602059357965,Transportation
men,31-50,Ukraine,2018.2,iTaxi,1578,0,0.00190114068441065,0.0285171102661597,0,0.841571609632446,0.0544993662864385,0.103929024081115,Transportation
men,31-50,Other,2018.2,iTaxi,83,0,0,0.0120481927710843,0,0.843373493975904,0.0481927710843374,0.108433734939759,Transportation
men,51-64,Poland,2018.2,iTaxi,1445,0,0,0,0,0.849134948096886,0.0657439446366782,0.085121107266436,Transportation
men,51-64,Ukraine,2018.2,iTaxi,348,0,0,0,0,0.853448275862069,0.0344827586206897,0.112068965517241,Transportation
men,51-64,Other,2018.2,iTaxi,17,0,0,0,0,0.882352941176471,0.0588235294117647,0.0588235294117647,Transportation
women,18-30,Poland,2018.2,iTaxi,383,0.010443864229765,0.00261096605744125,0.00261096605744125,0,0.921671018276762,0.0652741514360313,0.0130548302872062,Transportation
women,18-30,Ukraine,2018.2,iTaxi,95,0,0,0,0,0.926315789473684,0.0421052631578947,0.031578947368421,Transportation
women,18-30,Other,2018.2,iTaxi,9,0,0,0,0,0.888888888888889,0,0.111111111111111,Transportation
women,31-50,Poland,2018.2,iTaxi,726,0,0.00275482093663912,0.0247933884297521,0,0.90495867768595,0.0826446280991736,0.0123966942148761,Transportation
women,31-50,Ukraine,2018.2,iTaxi,173,0,0,0.00578034682080925,0,0.930635838150289,0.0404624277456647,0.0289017341040462,Transportation
women,31-50,Other,2018.2,iTaxi,11,0,0,0,0,0.909090909090909,0,0.0909090909090909,Transportation
women,51-64,Poland,2018.2,iTaxi,166,0,0,0,0,0.945783132530121,0.0240963855421687,0.0301204819277109,Transportation
women,51-64,Ukraine,2018.2,iTaxi,48,0,0,0,0,0.9375,0.0208333333333333,0.0416666666666666,Transportation
women,51-64,Other,2018.2,iTaxi,10,0,0,0,0,1,0,0,Transportation
men,18-30,Poland,2019.1,iTaxi,3833,0.0513957735455257,0.00443516827550222,0.0177406731020089,0,0.842160187842421,0.0813983824680407,0.0764414296895383,Transportation
men,18-30,Ukraine,2019.1,iTaxi,968,0.0340909090909091,0.0258264462809917,0.00103305785123967,0,0.84297520661157,0.0836776859504132,0.0733471074380165,Transportation
men,18-30,Other,2019.1,iTaxi,56,0.0357142857142857,0,0.0178571428571429,0,0.857142857142857,0.0714285714285714,0.0714285714285715,Transportation
men,31-50,Poland,2019.1,iTaxi,7587,0.0747330960854093,0.00224067483853961,0.00461315407934625,0,0.841439304072756,0.0524581521022802,0.106102543824964,Transportation
men,31-50,Ukraine,2019.1,iTaxi,1813,0,0.00330943188086045,0.0292333149476007,0,0.841698841698842,0.0540540540540541,0.104247104247104,Transportation
men,31-50,Other,2019.1,iTaxi,101,0,0,0.0198019801980198,0,0.851485148514852,0.0396039603960396,0.108910891089109,Transportation
men,51-64,Poland,2019.1,iTaxi,1671,0,0,0,0,0.849790544584081,0.0658288450029922,0.0843806104129263,Transportation
men,51-64,Ukraine,2019.1,iTaxi,408,0,0,0,0,0.852941176470588,0.0367647058823529,0.110294117647059,Transportation
men,51-64,Other,2019.1,iTaxi,21,0,0,0,0,0.857142857142857,0.0476190476190476,0.0952380952380953,Transportation
women,18-30,Poland,2019.1,iTaxi,440,0.0113636363636364,0.00454545454545455,0.00227272727272727,0.00227272727272727,0.922727272727273,0.0659090909090909,0.0113636363636364,Transportation
women,18-30,Ukraine,2019.1,iTaxi,112,0,0,0,0,0.919642857142857,0.0446428571428571,0.0357142857142858,Transportation
women,18-30,Other,2019.1,iTaxi,11,0,0,0,0,0.909090909090909,0.0909090909090909,0,Transportation
women,31-50,Poland,2019.1,iTaxi,839,0,0.00357568533969011,0.0250297973778308,0.00119189511323004,0.904648390941597,0.0822407628128725,0.0131108462455304,Transportation
women,31-50,Ukraine,2019.1,iTaxi,202,0,0,0.00495049504950495,0,0.930693069306931,0.0445544554455446,0.0247524752475247,Transportation
women,31-50,Other,2019.1,iTaxi,13,0,0,0,0,0.923076923076923,0,0.0769230769230769,Transportation
women,51-64,Poland,2019.1,iTaxi,197,0,0,0,0,0.944162436548223,0.0203045685279188,0.0355329949238579,Transportation
women,51-64,Ukraine,2019.1,iTaxi,64,0,0,0,0,0.953125,0.03125,0.015625,Transportation
women,51-64,Other,2019.1,iTaxi,22,0,0,0,0,0.954545454545455,0,0.0454545454545454,Transportation
men,18-30,Poland,2019.2,iTaxi,4318,0.0521074571560908,0.00555812876331635,0.0185270958777212,0,0.84251968503937,0.0815192218619731,0.0759610930986568,Transportation
men,18-30,Ukraine,2019.2,iTaxi,1136,0.034330985915493,0.0272887323943662,0.00176056338028169,0,0.84330985915493,0.0836267605633803,0.0730633802816901,Transportation
men,18-30,Other,2019.2,iTaxi,77,0.025974025974026,0,0.012987012987013,0,0.844155844155844,0.0779220779220779,0.077922077922078,Transportation
men,31-50,Poland,2019.2,iTaxi,8851,0.0756976612812112,0.00271155801604339,0.00531013444808496,0,0.841938763981471,0.0525364365608406,0.105524799457688,Transportation
men,31-50,Ukraine,2019.2,iTaxi,2125,0,0.00470588235294118,0.0296470588235294,0,0.842352941176471,0.0541176470588235,0.103529411764706,Transportation
men,31-50,Other,2019.2,iTaxi,131,0,0,0.0152671755725191,0,0.847328244274809,0.0458015267175573,0.106870229007634,Transportation
men,51-64,Poland,2019.2,iTaxi,1963,0,0,0,0,0.849719816607234,0.0662251655629139,0.0840550178298523,Transportation
men,51-64,Ukraine,2019.2,iTaxi,486,0,0,0,0,0.853909465020576,0.037037037037037,0.109053497942387,Transportation
men,51-64,Other,2019.2,iTaxi,40,0,0,0,0,0.85,0.05,0.1,Transportation
women,18-30,Poland,2019.2,iTaxi,521,0.0115163147792706,0.00575815738963532,0.00383877159309021,0.00191938579654511,0.923224568138196,0.0652591170825336,0.0115163147792706,Transportation
women,18-30,Ukraine,2019.2,iTaxi,145,0.00689655172413793,0.00689655172413793,0,0,0.924137931034483,0.0413793103448276,0.0344827586206897,Transportation
women,18-30,Other,2019.2,iTaxi,23,0,0,0,0,0.91304347826087,0.0434782608695652,0.0434782608695653,Transportation
women,31-50,Poland,2019.2,iTaxi,989,0,0.00404448938321537,0.0252780586450961,0.00101112234580384,0.904954499494439,0.0829120323559151,0.0121334681496461,Transportation
women,31-50,Ukraine,2019.2,iTaxi,245,0,0.00408163265306122,0.00408163265306122,0,0.930612244897959,0.0408163265306122,0.0285714285714286,Transportation
women,31-50,Other,2019.2,iTaxi,21,0,0,0,0,0.952380952380952,0.0476190476190476,0,Transportation
women,51-64,Poland,2019.2,iTaxi,230,0,0,0,0,0.943478260869565,0.0217391304347826,0.0347826086956522,Transportation
women,51-64,Ukraine,2019.2,iTaxi,81,0,0,0,0,0.950617283950617,0.0246913580246914,0.0246913580246914,Transportation
women,51-64,Other,2019.2,iTaxi,33,0,0,0,0,0.96969696969697,0,0.0303030303030303,Transportation
men,18-30,Poland,2020.1,iTaxi,4592,0.0522648083623693,0.00631533101045296,0.0187282229965157,0,0.842552264808362,0.0814459930313589,0.0760017421602788,Transportation
men,18-30,Ukraine,2020.1,iTaxi,1261,0.034892942109437,0.0277557494052339,0.00237906423473434,0,0.842981760507534,0.0840602696272799,0.0729579698651863,Transportation
men,18-30,Other,2020.1,iTaxi,99,0.0303030303030303,0.0101010101010101,0.0101010101010101,0,0.848484848484848,0.0707070707070707,0.0808080808080808,Transportation
men,31-50,Poland,2020.1,iTaxi,9730,0.0770811921891059,0.0040082219938335,0.00544707091469681,0,0.84224049331963,0.0525179856115108,0.105241521068859,Transportation
men,31-50,Ukraine,2020.1,iTaxi,2343,0,0.00469483568075117,0.030729833546735,0,0.843363209560393,0.0542040119504908,0.102432778489117,Transportation
men,31-50,Other,2020.1,iTaxi,146,0,0.00684931506849315,0.0205479452054795,0,0.849315068493151,0.0410958904109589,0.10958904109589,Transportation
men,51-64,Poland,2020.1,iTaxi,2171,0,0,0,0,0.84983878397052,0.0663288807001382,0.0838323353293413,Transportation
men,51-64,Ukraine,2020.1,iTaxi,547,0,0,0,0,0.853747714808044,0.036563071297989,0.109689213893967,Transportation
men,51-64,Other,2020.1,iTaxi,59,0,0,0,0,0.864406779661017,0.0508474576271187,0.0847457627118644,Transportation
women,18-30,Poland,2020.1,iTaxi,588,0.0119047619047619,0.00680272108843537,0.00510204081632653,0.00170068027210884,0.923469387755102,0.0663265306122449,0.0102040816326531,Transportation
women,18-30,Ukraine,2020.1,iTaxi,163,0.00613496932515337,0.00613496932515337,0,0,0.920245398773006,0.0429447852760736,0.0368098159509202,Transportation
women,18-30,Other,2020.1,iTaxi,26,0,0,0,0,0.923076923076923,0.0384615384615385,0.0384615384615384,Transportation
women,31-50,Poland,2020.1,iTaxi,1097,0,0.00455788514129444,0.0255241567912489,0.000911577028258888,0.902461257976299,0.0829535095715588,0.0145852324521423,Transportation
women,31-50,Ukraine,2020.1,iTaxi,276,0,0.0036231884057971,0.0036231884057971,0,0.931159420289855,0.0434782608695652,0.0253623188405797,Transportation
women,31-50,Other,2020.1,iTaxi,39,0,0,0,0,0.948717948717949,0.0256410256410256,0.0256410256410257,Transportation
women,51-64,Poland,2020.1,iTaxi,268,0,0,0,0,0.944029850746269,0.0223880597014925,0.0335820895522388,Transportation
women,51-64,Ukraine,2020.1,iTaxi,93,0,0,0,0,0.946236559139785,0.021505376344086,0.032258064516129,Transportation
women,51-64,Other,2020.1,iTaxi,41,0,0,0,0,0.951219512195122,0.024390243902439,0.0243902439024391,Transportation
men,18-30,Poland,2020.2,iTaxi,4787,0.0524336745351995,0.00647587215374974,0.0194276164612492,0,0.842698976394402,0.0814706496762064,0.0758303739293921,Transportation
men,18-30,Ukraine,2020.2,iTaxi,1375,0.0363636363636364,0.0283636363636364,0.00290909090909091,0,0.843636363636364,0.0843636363636364,0.0720000000000001,Transportation
men,18-30,Other,2020.2,iTaxi,118,0.0254237288135593,0.00847457627118644,0.0169491525423729,0,0.847457627118644,0.076271186440678,0.076271186440678,Transportation
men,31-50,Poland,2020.2,iTaxi,10491,0.077113716518921,0.00514726908778953,0.00562386807739968,0,0.842817653226575,0.0525212086550377,0.104661138118387,Transportation
men,31-50,Ukraine,2020.2,iTaxi,2537,0,0.00551832873472606,0.030744974379188,0,0.843515963736697,0.0543949546708711,0.102089081592432,Transportation
men,31-50,Other,2020.2,iTaxi,162,0,0.00617283950617284,0.0185185185185185,0,0.851851851851852,0.0432098765432099,0.104938271604938,Transportation
men,51-64,Poland,2020.2,iTaxi,2338,0,0,0,0,0.850299401197605,0.0662959794696322,0.083404619332763,Transportation
men,51-64,Ukraine,2020.2,iTaxi,604,0,0,0,0,0.85430463576159,0.0364238410596027,0.109271523178808,Transportation
men,51-64,Other,2020.2,iTaxi,66,0,0,0,0,0.863636363636364,0.0454545454545455,0.0909090909090909,Transportation
women,18-30,Poland,2020.2,iTaxi,644,0.0124223602484472,0.0077639751552795,0.0046583850931677,0.0015527950310559,0.923913043478261,0.0667701863354037,0.00931677018633536,Transportation
women,18-30,Ukraine,2020.2,iTaxi,179,0.00558659217877095,0.00558659217877095,0,0,0.921787709497207,0.0446927374301676,0.0335195530726258,Transportation
women,18-30,Other,2020.2,iTaxi,37,0,0,0,0,0.945945945945946,0.0540540540540541,0,Transportation
women,31-50,Poland,2020.2,iTaxi,1182,0,0.00423011844331641,0.0262267343485618,0.000846023688663283,0.915397631133672,0.0829103214890017,0.00169204737732653,Transportation
women,31-50,Ukraine,2020.2,iTaxi,304,0,0.00657894736842105,0.00657894736842105,0,0.93421052631579,0.0427631578947368,0.0230263157894737,Transportation
women,31-50,Other,2020.2,iTaxi,58,0,0,0,0,0.948275862068965,0.0344827586206897,0.0172413793103449,Transportation
women,51-64,Poland,2020.2,iTaxi,291,0,0,0,0,0.945017182130584,0.0240549828178694,0.0309278350515464,Transportation
women,51-64,Ukraine,2020.2,iTaxi,113,0,0,0,0,0.946902654867257,0.0265486725663717,0.0265486725663716,Transportation
women,51-64,Other,2020.2,iTaxi,59,0,0,0,0,0.949152542372881,0.0169491525423729,0.0338983050847458,Transportation
men,18-30,Poland,2019.2,Glover,1296,0.0825617283950617,0.0825617283950617,0.0108024691358025,0,0.916666666666667,0.0725308641975309,0.0108024691358025,Delivery
men,18-30,Ukraine,2019.2,Glover,566,0.0918727915194346,0.0954063604240283,0.0088339222614841,0,0.895759717314488,0.0830388692579505,0.0212014134275618,Delivery
men,18-30,Other,2019.2,Glover,222,0.0675675675675676,0.0720720720720721,0.0135135135135135,0,0.923423423423423,0.0720720720720721,0.00450450450450446,Delivery
men,31-50,Poland,2019.2,Glover,73,0.0136986301369863,0.0273972602739726,0.0410958904109589,0,0.904109589041096,0.0684931506849315,0.0273972602739727,Delivery
men,31-50,Ukraine,2019.2,Glover,32,0,0.03125,0.0625,0,0.90625,0.0625,0.03125,Delivery
men,31-50,Other,2019.2,Glover,12,0,0,0.0833333333333333,0,0.916666666666667,0.0833333333333333,0,Delivery
women,18-30,Poland,2019.2,Glover,81,0.037037037037037,0.0123456790123457,0.0246913580246914,0.0123456790123457,,,1,Delivery
women,18-30,Ukraine,2019.2,Glover,35,0.0571428571428571,0.0285714285714286,0.0285714285714286,0,0.885714285714286,0.0857142857142857,0.0285714285714286,Delivery
women,18-30,Other,2019.2,Glover,14,0,0,0,0,0.928571428571429,0.0714285714285714,0,Delivery
men,18-30,Poland,2020.1,Glover,2366,0.0832628909551987,0.0828402366863906,0.0105663567202029,0,0.917159763313609,0.0726965342349958,0.0101437024513947,Delivery
men,18-30,Ukraine,2020.1,Glover,1045,0.092822966507177,0.0966507177033493,0.00956937799043062,0,0.896650717703349,0.0832535885167464,0.0200956937799044,Delivery
men,18-30,Other,2020.1,Glover,411,0.0656934306569343,0.072992700729927,0.0121654501216545,0,0.924574209245742,0.0705596107055961,0.0048661800486618,Delivery
men,31-50,Poland,2020.1,Glover,136,0.0147058823529412,0.0220588235294118,0.0441176470588235,0,0.904411764705882,0.0514705882352941,0.0441176470588235,Delivery
men,31-50,Ukraine,2020.1,Glover,61,0,0.0163934426229508,0.0491803278688525,0,0.901639344262295,0.0491803278688525,0.0491803278688525,Delivery
men,31-50,Other,2020.1,Glover,23,0,0,0.0869565217391304,0,0.91304347826087,0.0434782608695652,0.0434782608695653,Delivery
women,18-30,Poland,2020.1,Glover,151,0.0397350993377484,0.0132450331125828,0.0198675496688742,0.0132450331125828,0.913907284768212,0.0728476821192053,0.0132450331125827,Delivery
women,18-30,Ukraine,2020.1,Glover,66,0.0606060606060606,0.0303030303030303,0.0303030303030303,0.0151515151515152,0.893939393939394,0.0909090909090909,0.0151515151515151,Delivery
women,18-30,Other,2020.1,Glover,27,0.037037037037037,0,0.037037037037037,0,0.925925925925926,0.0740740740740741,0,Delivery
men,18-30,Poland,2020.2,Glover,3527,0.0836404876665722,0.0830734335129005,0.0116246101502694,0,0.917777147717607,0.0728664587468103,0.00935639353558271,Delivery
men,18-30,Ukraine,2020.2,Glover,1576,0.0939086294416244,0.0977157360406091,0.0101522842639594,0,0.896573604060914,0.083756345177665,0.0196700507614214,Delivery
men,18-30,Other,2020.2,Glover,622,0.067524115755627,0.0739549839228296,0.0128617363344051,0,0.92443729903537,0.0723472668810289,0.00321543408360125,Delivery
men,31-50,Poland,2020.2,Glover,209,0.0143540669856459,0.0239234449760766,0.0430622009569378,0,0.904306220095694,0.0526315789473684,0.0430622009569379,Delivery
men,31-50,Ukraine,2020.2,Glover,95,0,0.0210526315789474,0.0526315789473684,0,0.894736842105263,0.0526315789473684,0.0526315789473684,Delivery
men,31-50,Other,2020.2,Glover,36,0,0.0277777777777778,0.0833333333333333,0,0.916666666666667,0.0555555555555556,0.0277777777777778,Delivery
men,51-64,Poland,2020.2,Glover,13,0,0,0,0,0.923076923076923,0.0769230769230769,0,Delivery
women,18-30,Poland,2020.2,Glover,230,0.0434782608695652,0.0130434782608696,0.0217391304347826,0.0130434782608696,0.917391304347826,0.0739130434782609,0.00869565217391299,Delivery
women,18-30,Ukraine,2020.2,Glover,103,0.058252427184466,0.0194174757281553,0.029126213592233,0.00970873786407767,0.893203883495146,0.087378640776699,0.0194174757281553,Delivery
women,18-30,Other,2020.2,Glover,43,0.0232558139534884,0.0232558139534884,0.0232558139534884,0,0.930232558139535,0.0697674418604651,0,Delivery
women,31-50,Poland,2020.2,Glover,17,0,0,0,0,0.882352941176471,0.0588235294117647,0.0588235294117647,Delivery
women,31-50,Ukraine,2020.2,Glover,11,0,0,0,0,0.909090909090909,0.0909090909090909,0,Delivery
men,18-30,Poland,2018.1,Takeaway,4584,0.0837696335078534,0.0846422338568936,0.012216404886562,0,0.917975567190227,0.0728621291448517,0.00916230366492143,Delivery
men,18-30,Ukraine,2018.1,Takeaway,2154,0.0937790157845868,0.0993500464252553,0.010213556174559,0,0.896471680594243,0.0840297121634169,0.0194986072423398,Delivery
men,18-30,Other,2018.1,Takeaway,407,0.0663390663390663,0.0737100737100737,0.0147420147420147,0,0.923832923832924,0.0712530712530713,0.00491400491400496,Delivery
men,31-50,Poland,2018.1,Takeaway,153,0.0130718954248366,0.0261437908496732,0.0457516339869281,0,0.901960784313725,0.0522875816993464,0.0457516339869281,Delivery
men,31-50,Ukraine,2018.1,Takeaway,72,0,0.0277777777777778,0.0555555555555556,0,0.902777777777778,0.0555555555555556,0.0416666666666666,Delivery
men,31-50,Other,2018.1,Takeaway,14,0,0,0.0714285714285714,0,0.928571428571429,0.0714285714285714,0,Delivery
men,51-64,Poland,2018.1,Takeaway,4,0,0,0,0,1,0,0,Delivery
men,51-64,Ukraine,2018.1,Takeaway,2,0,0,0,0,1,0,0,Delivery
women,18-30,Poland,2018.1,Takeaway,443,0.0451467268623025,0.0112866817155756,0.0225733634311512,0.0135440180586907,0.918735891647855,0.072234762979684,0.00902934537246047,Delivery
women,18-30,Ukraine,2018.1,Takeaway,208,0.0576923076923077,0.0240384615384615,0.0336538461538462,0.00961538461538462,0.899038461538462,0.0817307692307692,0.0192307692307692,Delivery
women,18-30,Other,2018.1,Takeaway,39,0.0256410256410256,0.0256410256410256,0.0256410256410256,0,0.923076923076923,0.0769230769230769,0,Delivery
women,31-50,Poland,2018.1,Takeaway,15,0,0,0,0,0.933333333333333,0.0666666666666667,0,Delivery
women,31-50,Ukraine,2018.1,Takeaway,7,0,0,0,0,0.857142857142857,0.142857142857143,0,Delivery
women,31-50,Other,2018.1,Takeaway,1,0,0,0,0,1,0,0,Delivery
men,18-30,Poland,2018.2,Takeaway,5204,0.084358186010761,0.0847425057647963,0.0124903920061491,0,0.918139892390469,0.0730207532667179,0.00883935434281325,Delivery
men,18-30,Ukraine,2018.2,Takeaway,2470,0.094331983805668,0.0995951417004049,0.0105263157894737,0,0.897165991902834,0.0838056680161943,0.0190283400809717,Delivery
men,18-30,Other,2018.2,Takeaway,471,0.0679405520169851,0.0764331210191083,0.0148619957537155,0,0.923566878980892,0.0721868365180467,0.00424628450106157,Delivery
men,31-50,Poland,2018.2,Takeaway,176,0.0113636363636364,0.0227272727272727,0.0454545454545455,0,0.903409090909091,0.0511363636363636,0.0454545454545454,Delivery
men,31-50,Ukraine,2018.2,Takeaway,85,0,0.0235294117647059,0.0588235294117647,0,0.905882352941176,0.0588235294117647,0.0352941176470588,Delivery
men,31-50,Other,2018.2,Takeaway,19,0,0,0.105263157894737,0,0.947368421052632,0.0526315789473684,0,Delivery
men,51-64,Poland,2018.2,Takeaway,9,0,0,0,0,0.888888888888889,0,0.111111111111111,Delivery
men,51-64,Ukraine,2018.2,Takeaway,6,0,0,0,0,0.833333333333333,0,0.166666666666667,Delivery
men,51-64,Other,2018.2,Takeaway,2,0,0,0,0,1,0,0,Delivery
women,18-30,Poland,2018.2,Takeaway,511,0.0469667318982387,0.0136986301369863,0.0234833659491194,0.0136986301369863,0.917808219178082,0.0724070450097847,0.00978473581213302,Delivery
women,18-30,Ukraine,2018.2,Takeaway,245,0.0571428571428571,0.0244897959183673,0.0326530612244898,0.0122448979591837,0.897959183673469,0.0857142857142857,0.0163265306122449,Delivery
women,18-30,Other,2018.2,Takeaway,49,0.0408163265306122,0.0204081632653061,0.0204081632653061,0,0.918367346938776,0.0816326530612245,0,Delivery
women,31-50,Poland,2018.2,Takeaway,21,0,0,0,0,0.904761904761905,0.0476190476190476,0.0476190476190477,Delivery
women,31-50,Ukraine,2018.2,Takeaway,11,0,0,0,0,0.909090909090909,0.0909090909090909,0,Delivery
women,31-50,Other,2018.2,Takeaway,5,0,0,0,0,1,0,0,Delivery
women,51-64,Poland,2018.2,Takeaway,2,0,0,0,0,1,0,0,Delivery
women,51-64,Ukraine,2018.2,Takeaway,2,0,0,0,0,1,0,0,Delivery
women,51-64,Other,2018.2,Takeaway,1,0,0,0,0,1,0,0,Delivery
men,18-30,Poland,2019.1,Takeaway,5884,0.0846363018354861,0.0854860639021074,0.0127464309993202,0,0.918592794017675,0.07324949014276,0.00815771583956493,Delivery
men,18-30,Ukraine,2019.1,Takeaway,2835,0.0955908289241623,0.100529100529101,0.0112874779541446,0,0.897707231040564,0.0843033509700176,0.017989417989418,Delivery
men,18-30,Other,2019.1,Takeaway,542,0.0701107011070111,0.0774907749077491,0.014760147601476,0,0.924354243542435,0.0719557195571956,0.00369003690036895,Delivery
men,31-50,Poland,2019.1,Takeaway,208,0.0144230769230769,0.0240384615384615,0.0432692307692308,0,0.903846153846154,0.0528846153846154,0.0432692307692307,Delivery
men,31-50,Ukraine,2019.1,Takeaway,105,0,0.0285714285714286,0.0571428571428571,0,0.904761904761905,0.0571428571428571,0.0380952380952381,Delivery
men,31-50,Other,2019.1,Takeaway,29,0,0.0344827586206897,0.103448275862069,0,0.931034482758621,0.0344827586206897,0.0344827586206897,Delivery
men,51-64,Poland,2019.1,Takeaway,12,0,0,0,0,0.916666666666667,0.0833333333333333,0,Delivery
men,51-64,Ukraine,2019.1,Takeaway,9,0,0,0,0,0.888888888888889,0,0.111111111111111,Delivery
men,51-64,Other,2019.1,Takeaway,7,0,0,0,0,1,0,0,Delivery
women,18-30,Poland,2019.1,Takeaway,591,0.0473773265651438,0.0152284263959391,0.0236886632825719,0.0135363790186125,0.918781725888325,0.0727580372250423,0.00846023688663289,Delivery
women,18-30,Ukraine,2019.1,Takeaway,284,0.0563380281690141,0.0246478873239437,0.0316901408450704,0.0105633802816901,0.897887323943662,0.0845070422535211,0.0176056338028169,Delivery
women,18-30,Other,2019.1,Takeaway,57,0.0350877192982456,0.0175438596491228,0.0175438596491228,0,0.929824561403509,0.0701754385964912,0,Delivery
women,31-50,Poland,2019.1,Takeaway,31,0,0,0.032258064516129,0,0.903225806451613,0.0645161290322581,0.032258064516129,Delivery
women,31-50,Ukraine,2019.1,Takeaway,17,0,0,0,0,0.882352941176471,0.0588235294117647,0.0588235294117647,Delivery
women,31-50,Other,2019.1,Takeaway,12,0,0,0,0,0.916666666666667,0.0833333333333333,0,Delivery
women,51-64,Poland,2019.1,Takeaway,4,0,0,0,0,1,0,0,Delivery
women,51-64,Ukraine,2019.1,Takeaway,4,0,0,0,0,1,0,0,Delivery
women,51-64,Other,2019.1,Takeaway,4,0,0,0,0,1,0,0,Delivery
men,18-30,Poland,2019.2,Takeaway,6519,0.0854425525387329,0.085902745819911,0.0131922073937721,0,0.918852584752263,0.0733241294677098,0.00782328578002756,Delivery
men,18-30,Ukraine,2019.2,Takeaway,3174,0.0964083175803403,0.102079395085066,0.0113421550094518,0,0.898235664776308,0.0841209829867675,0.017643352236925,Delivery
men,18-30,Other,2019.2,Takeaway,607,0.070840197693575,0.0790774299835255,0.014827018121911,0,0.925864909390445,0.0724876441515651,0.00164744645799009,Delivery
men,31-50,Poland,2019.2,Takeaway,235,0.0170212765957447,0.025531914893617,0.0425531914893617,0,0.906382978723404,0.051063829787234,0.0425531914893618,Delivery
men,31-50,Ukraine,2019.2,Takeaway,120,0,0.025,0.0583333333333333,0,0.9,0.0583333333333333,0.0416666666666666,Delivery
men,31-50,Other,2019.2,Takeaway,34,0,0.0294117647058824,0.0882352941176471,0,0.911764705882353,0.0294117647058824,0.0588235294117647,Delivery
men,51-64,Poland,2019.2,Takeaway,19,0,0,0,0,0.894736842105263,0.0526315789473684,0.0526315789473684,Delivery
men,51-64,Ukraine,2019.2,Takeaway,12,0,0,0,0,0.916666666666667,0.0833333333333333,0,Delivery
men,51-64,Other,2019.2,Takeaway,14,0,0,0,0,0.928571428571429,0.0714285714285714,0,Delivery
women,18-30,Poland,2019.2,Takeaway,668,0.0479041916167665,0.0149700598802395,0.0239520958083832,0.0134730538922156,0.919161676646707,0.0733532934131737,0.00748502994011979,Delivery
women,18-30,Ukraine,2019.2,Takeaway,321,0.0560747663551402,0.0280373831775701,0.0342679127725857,0.0124610591900312,0.897196261682243,0.0841121495327103,0.0186915887850467,Delivery
women,18-30,Other,2019.2,Takeaway,71,0.0422535211267606,0.0140845070422535,0.028169014084507,0,0.929577464788732,0.0704225352112676,0,Delivery
women,31-50,Poland,2019.2,Takeaway,42,0,0,0.0238095238095238,0,0.904761904761905,0.0714285714285714,0.0238095238095238,Delivery
women,31-50,Ukraine,2019.2,Takeaway,23,0,0,0.0434782608695652,0,0.91304347826087,0.0869565217391304,0,Delivery
women,31-50,Other,2019.2,Takeaway,15,0,0,0.0666666666666667,0,0.933333333333333,0.0666666666666667,0,Delivery
women,51-64,Poland,2019.2,Takeaway,10,0,0,0,0,0.9,0,0.1,Delivery
women,51-64,Ukraine,2019.2,Takeaway,5,0,0,0,0,1,0,0,Delivery
women,51-64,Other,2019.2,Takeaway,9,0,0,0,0,0.888888888888889,0,0.111111111111111,Delivery
men,18-30,Poland,2020.1,Takeaway,7185,0.0857341684064022,0.0868475991649269,0.013500347947112,0,0.919415448851774,0.0734864300626305,0.00709812108559504,Delivery
men,18-30,Ukraine,2020.1,Takeaway,3543,0.0968106124753034,0.10189105278013,0.0121366073948631,0,0.898673440587073,0.0843917583968388,0.016934801016088,Delivery
men,18-30,Other,2020.1,Takeaway,676,0.0710059171597633,0.0784023668639053,0.0162721893491124,0,0.92603550295858,0.0724852071005917,0.00147928994082847,Delivery
men,31-50,Poland,2020.1,Takeaway,270,0.0185185185185185,0.0259259259259259,0.0444444444444445,0,0.907407407407407,0.0518518518518519,0.0407407407407407,Delivery
men,31-50,Ukraine,2020.1,Takeaway,141,0,0.0283687943262411,0.0567375886524823,0,0.900709219858156,0.0567375886524823,0.0425531914893618,Delivery
men,31-50,Other,2020.1,Takeaway,47,0,0.0212765957446809,0.106382978723404,0,0.914893617021277,0.0425531914893617,0.0425531914893618,Delivery
men,51-64,Poland,2020.1,Takeaway,28,0,0,0,0,0.928571428571429,0.0357142857142857,0.0357142857142857,Delivery
men,51-64,Ukraine,2020.1,Takeaway,17,0,0,0,0,0.941176470588235,0.0588235294117647,0,Delivery
men,51-64,Other,2020.1,Takeaway,17,0,0,0,0,0.941176470588235,0.0588235294117647,0,Delivery
women,18-30,Poland,2020.1,Takeaway,744,0.0483870967741936,0.0161290322580645,0.0241935483870968,0.0134408602150538,0.919354838709677,0.0739247311827957,0.00672043010752688,Delivery
women,18-30,Ukraine,2020.1,Takeaway,360,0.0583333333333333,0.0277777777777778,0.0333333333333333,0.0111111111111111,0.9,0.0833333333333333,0.0166666666666666,Delivery
women,18-30,Other,2020.1,Takeaway,87,0.0344827586206897,0.0229885057471264,0.0229885057471264,0.0114942528735632,0.931034482758621,0.0689655172413793,0,Delivery
women,31-50,Poland,2020.1,Takeaway,52,0,0.0192307692307692,0.0192307692307692,0,0.903846153846154,0.0576923076923077,0.0384615384615384,Delivery
women,31-50,Ukraine,2020.1,Takeaway,33,0,0,0.0303030303030303,0,0.909090909090909,0.0606060606060606,0.0303030303030303,Delivery
women,31-50,Other,2020.1,Takeaway,20,0,0,0.05,0,0.95,0.05,0,Delivery
women,51-64,Poland,2020.1,Takeaway,12,0,0,0,0,0.916666666666667,0.0833333333333333,0,Delivery
women,51-64,Ukraine,2020.1,Takeaway,11,0,0,0,0,0.909090909090909,0.0909090909090909,0,Delivery
women,51-64,Other,2020.1,Takeaway,12,0,0,0,0,0.916666666666667,0.0833333333333333,0,Delivery
men,18-30,Poland,2020.2,Takeaway,7454,0.0863965656023611,0.0873356587067346,0.0136839280922994,0,0.91977461765495,0.0735175744566676,0.00670780788838199,Delivery
men,18-30,Ukraine,2020.2,Takeaway,3726,0.0971551261406334,0.102791196994096,0.0131508319914117,0,0.898819108964037,0.084272678475577,0.0169082125603864,Delivery
men,18-30,Other,2020.2,Takeaway,716,0.0726256983240224,0.0782122905027933,0.0153631284916201,0,0.927374301675978,0.0726256983240224,0,Delivery
men,31-50,Poland,2020.2,Takeaway,289,0.0173010380622837,0.027681660899654,0.0449826989619377,0,0.906574394463668,0.0519031141868512,0.0415224913494809,Delivery
men,31-50,Ukraine,2020.2,Takeaway,155,0,0.032258064516129,0.0580645161290323,0,0.903225806451613,0.0516129032258065,0.0451612903225807,Delivery
men,31-50,Other,2020.2,Takeaway,52,0,0.0384615384615385,0.0961538461538462,0,0.923076923076923,0.0384615384615385,0.0384615384615384,Delivery
men,51-64,Poland,2020.2,Takeaway,38,0,0,0,0,0.921052631578947,0.0526315789473684,0.0263157894736843,Delivery
men,51-64,Ukraine,2020.2,Takeaway,23,0,0,0,0,0.91304347826087,0.0434782608695652,0.0434782608695653,Delivery
men,51-64,Other,2020.2,Takeaway,25,0,0,0,0,0.92,0.04,0.0399999999999999,Delivery
women,18-30,Poland,2020.2,Takeaway,785,0.0484076433121019,0.0165605095541401,0.024203821656051,0.0140127388535032,0.919745222929936,0.0738853503184713,0.00636942675159236,Delivery
women,18-30,Ukraine,2020.2,Takeaway,380,0.0578947368421053,0.0289473684210526,0.0342105263157895,0.0131578947368421,0.9,0.0842105263157895,0.0157894736842105,Delivery
women,18-30,Other,2020.2,Takeaway,97,0.0412371134020619,0.0206185567010309,0.0309278350515464,0.0103092783505155,0.927835051546392,0.0721649484536082,0,Delivery
women,31-50,Poland,2020.2,Takeaway,60,0,0.0166666666666667,0.0333333333333333,0,0.9,0.0666666666666667,0.0333333333333333,Delivery
women,31-50,Ukraine,2020.2,Takeaway,36,0,0,0.0277777777777778,0,0.888888888888889,0.0833333333333333,0.0277777777777778,Delivery
women,31-50,Other,2020.2,Takeaway,30,0,0,0.0333333333333333,0,0.933333333333333,0.0666666666666667,0,Delivery
women,51-64,Poland,2020.2,Takeaway,19,0,0,0,0,0.894736842105263,0.0526315789473684,0.0526315789473684,Delivery
women,51-64,Ukraine,2020.2,Takeaway,12,0,0,0,0,0.916666666666667,0.0833333333333333,0,Delivery
women,51-64,Other,2020.2,Takeaway,13,0,0,0,0,0.923076923076923,0.0769230769230769,0,Delivery
men,18-30,Poland,2020.1,Bolt Courier,407,0,0,0,0,,,1,Delivery
men,18-30,Ukraine,2020.1,Bolt Courier,178,0,0,0,0,,,1,Delivery
men,18-30,Other,2020.1,Bolt Courier,70,0,0,0,0,,,1,Delivery
women,18-30,Poland,2020.1,Bolt Courier,25,0,0,0,0,,,1,Delivery
women,18-30,Ukraine,2020.1,Bolt Courier,11,0,0,0,0,,,1,Delivery
men,18-30,Poland,2020.2,Bolt Courier,728,0,0,0,0,0.924450549450549,0.0714285714285714,0.00412087912087911,Delivery
men,18-30,Ukraine,2020.2,Bolt Courier,322,0,0,0,0,0.903726708074534,0.0652173913043478,0.0310559006211181,Delivery
men,18-30,Other,2020.2,Bolt Courier,127,0,0,0,0,0.897637795275591,0.0708661417322835,0.031496062992126,Delivery
women,18-30,Poland,2020.2,Bolt Courier,46,0,0,0,0,0.891304347826087,0.0652173913043478,0.0434782608695653,Delivery
women,18-30,Ukraine,2020.2,Bolt Courier,20,0,0,0,0,0.9,0.05,0.0499999999999999,Delivery
men,18-30,Poland,2018.1,Wolt,1334,0.0824587706146927,0.0824587706146927,0.0104947526236882,0,0.917541229385307,0.0727136431784108,0.00974512743628186,Delivery
men,18-30,Ukraine,2018.1,Wolt,645,0.0914728682170543,0.0945736434108527,0.00775193798449612,0,0.896124031007752,0.0837209302325582,0.0201550387596899,Delivery
men,18-30,Other,2018.1,Wolt,393,0.0661577608142494,0.0712468193384224,0.0127226463104326,0,0.923664122137404,0.0712468193384224,0.00508905852417307,Delivery
men,31-50,Poland,2018.1,Wolt,26,0,0.0384615384615385,0.0384615384615385,0,0.884615384615385,0.0769230769230769,0.0384615384615385,Delivery
men,31-50,Ukraine,2018.1,Wolt,13,0,0,0.0769230769230769,0,0.923076923076923,0.0769230769230769,0,Delivery
women,18-30,Poland,2018.1,Wolt,89,0.0449438202247191,0.0112359550561798,0.0224719101123596,0.0112359550561798,0.921348314606742,0.0674157303370787,0.0112359550561798,Delivery
women,18-30,Ukraine,2018.1,Wolt,43,0.0465116279069767,0.0232558139534884,0.0232558139534884,0,0.906976744186047,0.0930232558139535,0,Delivery
women,18-30,Other,2018.1,Wolt,26,0.0384615384615385,0,0.0384615384615385,0,0.923076923076923,0.0769230769230769,0,Delivery
men,18-30,Poland,2018.2,Wolt,1507,0.0822826808228268,0.0822826808228268,0.0112806901128069,0,0.917053749170537,0.072992700729927,0.00995355009953547,Delivery
men,18-30,Ukraine,2018.2,Wolt,738,0.0921409214092141,0.0962059620596206,0.00813008130081301,0,0.895663956639566,0.0826558265582656,0.0216802168021679,Delivery
men,18-30,Other,2018.2,Wolt,451,0.0665188470066519,0.0731707317073171,0.0133037694013304,0,0.924611973392461,0.0709534368070954,0.00443458980044353,Delivery
men,31-50,Poland,2018.2,Wolt,31,0,0.032258064516129,0.032258064516129,0,0.903225806451613,0.0645161290322581,0.032258064516129,Delivery
men,31-50,Ukraine,2018.2,Wolt,16,0,0,0.0625,0,0.875,0.0625,0.0625,Delivery
women,18-30,Poland,2018.2,Wolt,102,0.0392156862745098,0.00980392156862745,0.0196078431372549,0.00980392156862745,0.92156862745098,0.0686274509803922,0.00980392156862753,Delivery
women,18-30,Ukraine,2018.2,Wolt,49,0.0612244897959184,0.0204081632653061,0.0408163265306122,0.0204081632653061,0.897959183673469,0.0816326530612245,0.0204081632653062,Delivery
women,18-30,Other,2018.2,Wolt,31,0.032258064516129,0,0.032258064516129,0,0.935483870967742,0.0645161290322581,0,Delivery
men,18-30,Poland,2019.1,Wolt,1746,0.0824742268041237,0.0824742268041237,0.0120274914089347,0,0.916953035509736,0.072737686139748,0.0103092783505155,Delivery
men,18-30,Ukraine,2019.1,Wolt,865,0.0936416184971098,0.0971098265895954,0.00809248554913295,0,0.895953757225434,0.0832369942196532,0.0208092485549133,Delivery
men,18-30,Other,2019.1,Wolt,529,0.0680529300567108,0.0737240075614367,0.0132325141776938,0,0.924385633270321,0.0718336483931947,0.00378071833648386,Delivery
men,31-50,Poland,2019.1,Wolt,39,0,0.0256410256410256,0.0512820512820513,0,0.897435897435897,0.0512820512820513,0.0512820512820512,Delivery
men,31-50,Ukraine,2019.1,Wolt,21,0,0,0.0476190476190476,0,0.904761904761905,0.0476190476190476,0.0476190476190477,Delivery
men,31-50,Other,2019.1,Wolt,12,0,0,0.0833333333333333,0,0.916666666666667,0.0833333333333333,0,Delivery
women,18-30,Poland,2019.1,Wolt,121,0.0413223140495868,0.00826446280991736,0.0247933884297521,0.0165289256198347,0.917355371900826,0.0743801652892562,0.00826446280991733,Delivery
women,18-30,Ukraine,2019.1,Wolt,58,0.0517241379310345,0.0172413793103448,0.0344827586206897,0.0172413793103448,0.896551724137931,0.0862068965517242,0.0172413793103448,Delivery
women,18-30,Other,2019.1,Wolt,37,0.027027027027027,0.027027027027027,0.027027027027027,0,0.918918918918919,0.0810810810810811,0,Delivery
men,18-30,Poland,2019.2,Wolt,1910,0.0832460732984293,0.0832460732984293,0.012565445026178,0,0.917277486910995,0.0727748691099476,0.00994764397905756,Delivery
men,18-30,Ukraine,2019.2,Wolt,957,0.0950888192267503,0.0971786833855799,0.00940438871473354,0,0.896551724137931,0.083594566353187,0.0198537095088819,Delivery
men,18-30,Other,2019.2,Wolt,585,0.0683760683760684,0.0735042735042735,0.0153846153846154,0,0.924786324786325,0.0717948717948718,0.00341880341880341,Delivery
men,31-50,Poland,2019.2,Wolt,43,0.0232558139534884,0.0232558139534884,0.0465116279069767,0,0.906976744186047,0.0465116279069767,0.0465116279069768,Delivery
men,31-50,Ukraine,2019.2,Wolt,25,0,0.04,0.04,0,0.92,0.04,0.0399999999999999,Delivery
men,31-50,Other,2019.2,Wolt,15,0,0,0.0666666666666667,0,0.933333333333333,0.0666666666666667,0,Delivery
women,18-30,Poland,2019.2,Wolt,135,0.0444444444444445,0.0148148148148148,0.0222222222222222,0.0148148148148148,0.918518518518519,0.0740740740740741,0.00740740740740742,Delivery
women,18-30,Ukraine,2019.2,Wolt,65,0.0461538461538462,0.0307692307692308,0.0307692307692308,0.0153846153846154,0.892307692307692,0.0769230769230769,0.0307692307692307,Delivery
women,18-30,Other,2019.2,Wolt,41,0.024390243902439,0.024390243902439,0.024390243902439,0,0.926829268292683,0.0731707317073171,0,Delivery
men,18-30,Poland,2020.1,Wolt,2350,0.0834042553191489,0.0838297872340426,0.0127659574468085,0,0.917872340425532,0.0727659574468085,0.00936170212765963,Delivery
men,18-30,Ukraine,2020.1,Wolt,1195,0.0953974895397489,0.097907949790795,0.00920502092050209,0,0.897071129707113,0.0836820083682008,0.0192468619246862,Delivery
men,18-30,Other,2020.1,Wolt,731,0.0697674418604651,0.0738714090287278,0.0150478796169631,0,0.926128590971272,0.0725034199726402,0.00136798905608759,Delivery
men,31-50,Poland,2020.1,Wolt,56,0.0178571428571429,0.0178571428571429,0.0357142857142857,0,0.910714285714286,0.0535714285714286,0.0357142857142857,Delivery
men,31-50,Ukraine,2020.1,Wolt,32,0,0.03125,0.0625,0,0.90625,0.0625,0.03125,Delivery
men,31-50,Other,2020.1,Wolt,20,0,0,0.1,0,0.9,0.05,0.0499999999999999,Delivery
men,51-64,Ukraine,2020.1,Wolt,12,0,0,0,0,0.916666666666667,0.0833333333333333,0,Delivery
women,18-30,Poland,2020.1,Wolt,170,0.0470588235294118,0.0117647058823529,0.0235294117647059,0.0117647058823529,0.917647058823529,0.0705882352941176,0.011764705882353,Delivery
women,18-30,Ukraine,2020.1,Wolt,83,0.0481927710843374,0.0240963855421687,0.036144578313253,0.0120481927710843,0.891566265060241,0.0843373493975904,0.0240963855421688,Delivery
women,18-30,Other,2020.1,Wolt,54,0.037037037037037,0.0185185185185185,0.0185185185185185,0,0.925925925925926,0.0740740740740741,0,Delivery
women,31-50,Ukraine,2020.1,Wolt,11,0,0,0,0,0.909090909090909,0.0909090909090909,0,Delivery
men,18-30,Poland,2020.2,Wolt,2746,0.084122359796067,0.0855790240349599,0.0134741442097596,0,0.918062636562272,0.07319737800437,0.00873998543335763,Delivery
men,18-30,Ukraine,2020.2,Wolt,1418,0.0966149506346968,0.0987306064880113,0.00987306064880113,0,0.89703808180536,0.0832157968970381,0.0197461212976022,Delivery
men,18-30,Other,2020.2,Wolt,868,0.0702764976958525,0.0748847926267281,0.0149769585253456,0,0.925115207373272,0.0714285714285714,0.0034562211981567,Delivery
men,31-50,Poland,2020.2,Wolt,70,0.0142857142857143,0.0285714285714286,0.0428571428571429,0,0.9,0.0571428571428571,0.0428571428571428,Delivery
men,31-50,Ukraine,2020.2,Wolt,40,0,0.025,0.05,0,0.9,0.05,0.0499999999999999,Delivery
men,31-50,Other,2020.2,Wolt,27,0,0.037037037037037,0.111111111111111,0,0.925925925925926,0.037037037037037,0.037037037037037,Delivery
men,51-64,Poland,2020.2,Wolt,14,0,0,0,0,0.928571428571429,0.0714285714285714,0,Delivery
men,51-64,Ukraine,2020.2,Wolt,16,0,0,0,0,0.9375,0.0625,0,Delivery
men,51-64,Other,2020.2,Wolt,11,0,0,0,0,0.909090909090909,0,0.0909090909090909,Delivery
women,18-30,Poland,2020.2,Wolt,205,0.0439024390243902,0.0146341463414634,0.024390243902439,0.0146341463414634,0.917073170731707,0.0731707317073171,0.00975609756097562,Delivery
women,18-30,Ukraine,2020.2,Wolt,99,0.0505050505050505,0.0303030303030303,0.0303030303030303,0.0101010101010101,0.898989898989899,0.0808080808080808,0.0202020202020202,Delivery
women,18-30,Other,2020.2,Wolt,68,0.0294117647058824,0.0147058823529412,0.0294117647058824,0,0.926470588235294,0.0735294117647059,0,Delivery
women,31-50,Poland,2020.2,Wolt,11,0,0,0,0,0.909090909090909,0.0909090909090909,0,Delivery
women,31-50,Ukraine,2020.2,Wolt,15,0,0,0,0,0.933333333333333,0.0666666666666667,0,Delivery
women,51-64,Poland,2020.2,Wolt,11,0,0,0,0,0.909090909090909,0,0.0909090909090909,Delivery
women,51-64,Ukraine,2020.2,Wolt,13,0,0,0,0,0.923076923076923,0.0769230769230769,0,Delivery
women,51-64,Other,2020.2,Wolt,13,0,0,0,0,0.923076923076923,0.0769230769230769,0,Delivery
